mandelbrot1;g++;O2;MEASURE;4.62579
mandelbrot1;g++;O2;MEASURE;4.57937
mandelbrot1;g++;O2;MEASURE;4.60787
mandelbrot1;g++;O2;MEASURE;4.57004
mandelbrot1;g++;O2;MEASURE;4.5646
mandelbrot1;g++;O2;MEASURE;4.56158
mandelbrot1;g++;O2;MEASURE;4.59288
mandelbrot1;g++;O2;MEASURE;4.56922
mandelbrot1;g++;O2;MEASURE;4.62046
mandelbrot1;g++;O2;MEASURE;4.58756
mandelbrot1;g++;O2;MEASURE;4.60753
mandelbrot1;g++;O2;MEASURE;4.59171
mandelbrot1;g++;O2;MEASURE;4.59296
mandelbrot1;g++;O2;MEASURE;4.59087
mandelbrot1;g++;O2;MEASURE;4.58011
mandelbrot1;g++;O2;MEASURE;4.60709
mandelbrot1;g++;O2;MEASURE;4.5631
mandelbrot1;g++;O2;MEASURE;4.56177
mandelbrot1;g++;O2;MEASURE;4.58959
mandelbrot1;g++;O2;MEASURE;4.58875
mandelbrot1;g++;O2;MEASURE;4.56916
mandelbrot1;g++;O2;MEASURE;4.58761
mandelbrot1;g++;O2;MEASURE;4.59774
mandelbrot1;g++;O2;MEASURE;4.56674
mandelbrot1;g++;O2;MEASURE;4.57758
mandelbrot1;g++;O2;MEASURE;4.59962
mandelbrot1;g++;O2;MEASURE;4.58791
mandelbrot1;g++;O2;MEASURE;4.57434
mandelbrot1;g++;O2;MEASURE;4.59591
mandelbrot1;g++;O2;MEASURE;4.56109
mandelbrot1;g++;O2;MEASURE;4.60556
mandelbrot1;g++;O2;MEASURE;4.59464
mandelbrot1;g++;O2;MEASURE;4.5637
mandelbrot1;g++;O2;MEASURE;4.56296
mandelbrot1;g++;O2;MEASURE;4.56388
mandelbrot1;g++;O2;MEASURE;4.5778
mandelbrot1;g++;O2;MEASURE;4.59222
mandelbrot1;g++;O2;MEASURE;4.59028
mandelbrot1;g++;O2;MEASURE;4.60684
mandelbrot1;g++;O2;MEASURE;4.58958
mandelbrot1;g++;O2;MEASURE;4.5648
mandelbrot1;g++;O2;MEASURE;4.56282
mandelbrot1;g++;O2;MEASURE;4.62916
mandelbrot1;g++;O2;MEASURE;4.59035
mandelbrot1;g++;O2;MEASURE;4.57745
mandelbrot1;g++;O2;MEASURE;4.56213
mandelbrot1;g++;O2;MEASURE;4.58197
mandelbrot1;g++;O2;MEASURE;4.56139
mandelbrot1;g++;O2;MEASURE;4.56116
mandelbrot1;g++;O2;MEASURE;4.57394
mandelbrot1;g++;O2;MEASURE;4.5713
mandelbrot1;g++;O2;MEASURE;4.58217
mandelbrot1;g++;O2;MEASURE;4.57051
mandelbrot1;g++;O2;MEASURE;4.58645
mandelbrot1;g++;O2;MEASURE;4.58387
mandelbrot1;g++;O2;MEASURE;4.57894
mandelbrot1;g++;O2;MEASURE;4.56763
mandelbrot1;g++;O2;MEASURE;4.58208
mandelbrot1;g++;O2;MEASURE;4.58102
mandelbrot1;g++;O2;MEASURE;4.5655
mandelbrot1;g++;O2;MEASURE;4.56131
mandelbrot1;g++;O2;MEASURE;4.57746
mandelbrot1;g++;O2;MEASURE;4.58615
mandelbrot1;g++;O2;MEASURE;4.59189
mandelbrot1;g++;O2;MEASURE;4.588
mandelbrot1;g++;O2;MEASURE;4.58223
mandelbrot1;g++;O2;MEASURE;4.60876
mandelbrot1;g++;O2;MEASURE;4.57603
mandelbrot1;g++;O2;MEASURE;4.59655
mandelbrot1;g++;O2;MEASURE;4.58664
mandelbrot1;g++;O2;MEASURE;4.57588
mandelbrot1;g++;O2;MEASURE;4.56988
mandelbrot1;g++;O2;MEASURE;4.56671
mandelbrot1;g++;O2;MEASURE;4.56125
mandelbrot1;g++;O2;MEASURE;4.56119
mandelbrot1;g++;O2;MEASURE;4.58911
mandelbrot1;g++;O2;MEASURE;4.56975
mandelbrot1;g++;O2;MEASURE;4.57478
mandelbrot1;g++;O2;MEASURE;4.57571
mandelbrot1;g++;O2;MEASURE;4.57601
mandelbrot1;g++;O2;MEASURE;4.60308
mandelbrot1;g++;O2;MEASURE;4.57629
mandelbrot1;g++;O2;MEASURE;4.59597
mandelbrot1;g++;O2;MEASURE;4.56462
mandelbrot1;g++;O2;MEASURE;4.59469
mandelbrot1;g++;O2;MEASURE;4.5612
mandelbrot1;g++;O2;MEASURE;4.56114
mandelbrot1;g++;O2;MEASURE;4.57195
mandelbrot1;g++;O2;MEASURE;4.60418
mandelbrot1;g++;O2;MEASURE;4.56489
mandelbrot1;clang++;O2;MEASURE;4.5324
mandelbrot1;clang++;O2;MEASURE;4.5097
mandelbrot1;clang++;O2;MEASURE;4.54283
mandelbrot1;clang++;O2;MEASURE;4.55798
mandelbrot1;clang++;O2;MEASURE;4.57072
mandelbrot1;clang++;O2;MEASURE;4.53204
mandelbrot1;clang++;O2;MEASURE;4.52486
mandelbrot1;clang++;O2;MEASURE;4.58917
mandelbrot1;clang++;O2;MEASURE;4.51005
mandelbrot1;clang++;O2;MEASURE;4.52894
mandelbrot1;clang++;O2;MEASURE;4.49855
mandelbrot1;clang++;O2;MEASURE;4.52086
mandelbrot1;clang++;O2;MEASURE;4.5071
mandelbrot1;clang++;O2;MEASURE;4.5201
mandelbrot1;clang++;O2;MEASURE;4.49198
mandelbrot1;clang++;O2;MEASURE;4.50633
mandelbrot1;clang++;O2;MEASURE;4.50671
mandelbrot1;clang++;O2;MEASURE;4.5229
mandelbrot1;clang++;O2;MEASURE;4.56241
mandelbrot1;clang++;O2;MEASURE;4.52461
mandelbrot1;clang++;O2;MEASURE;4.53432
mandelbrot1;clang++;O2;MEASURE;4.50071
mandelbrot1;clang++;O2;MEASURE;4.50939
mandelbrot1;clang++;O2;MEASURE;4.49219
mandelbrot1;clang++;O2;MEASURE;4.49284
mandelbrot1;clang++;O2;MEASURE;4.49172
mandelbrot1;clang++;O2;MEASURE;4.5053
mandelbrot1;clang++;O2;MEASURE;4.50609
mandelbrot1;clang++;O2;MEASURE;4.49796
mandelbrot1;clang++;O2;MEASURE;4.51554
mandelbrot1;clang++;O2;MEASURE;4.55016
mandelbrot1;clang++;O2;MEASURE;4.54464
mandelbrot1;clang++;O2;MEASURE;4.52678
mandelbrot1;clang++;O2;MEASURE;4.49098
mandelbrot1;clang++;O2;MEASURE;4.54205
mandelbrot1;clang++;O2;MEASURE;4.51554
mandelbrot1;clang++;O2;MEASURE;4.53832
mandelbrot1;clang++;O2;MEASURE;4.52645
mandelbrot1;clang++;O2;MEASURE;4.52156
mandelbrot1;clang++;O2;MEASURE;4.49568
mandelbrot1;clang++;O2;MEASURE;4.49079
mandelbrot1;clang++;O2;MEASURE;4.49045
mandelbrot1;clang++;O2;MEASURE;4.49999
mandelbrot1;clang++;O2;MEASURE;4.52565
mandelbrot1;clang++;O2;MEASURE;4.5478
mandelbrot1;clang++;O2;MEASURE;4.50592
mandelbrot1;clang++;O2;MEASURE;4.49081
mandelbrot1;clang++;O2;MEASURE;4.51259
mandelbrot1;clang++;O2;MEASURE;4.50537
mandelbrot1;clang++;O2;MEASURE;4.50709
mandelbrot1;clang++;O2;MEASURE;4.50143
mandelbrot1;clang++;O2;MEASURE;4.5032
mandelbrot1;clang++;O2;MEASURE;4.52034
mandelbrot1;clang++;O2;MEASURE;4.494
mandelbrot1;clang++;O2;MEASURE;4.50205
mandelbrot1;clang++;O2;MEASURE;4.49234
mandelbrot1;clang++;O2;MEASURE;4.53232
mandelbrot1;clang++;O2;MEASURE;4.51293
mandelbrot1;clang++;O2;MEASURE;4.51376
mandelbrot1;clang++;O2;MEASURE;4.52801
mandelbrot1;clang++;O2;MEASURE;4.52738
mandelbrot1;clang++;O2;MEASURE;4.51402
mandelbrot1;clang++;O2;MEASURE;4.53535
mandelbrot1;clang++;O2;MEASURE;4.50373
mandelbrot1;clang++;O2;MEASURE;4.50014
mandelbrot1;clang++;O2;MEASURE;4.53195
mandelbrot1;clang++;O2;MEASURE;4.49769
mandelbrot1;clang++;O2;MEASURE;4.54762
mandelbrot1;clang++;O2;MEASURE;4.52062
mandelbrot1;clang++;O2;MEASURE;4.5199
mandelbrot1;clang++;O2;MEASURE;4.48995
mandelbrot1;clang++;O2;MEASURE;4.49013
mandelbrot1;clang++;O2;MEASURE;4.49035
mandelbrot1;clang++;O2;MEASURE;4.51947
mandelbrot1;clang++;O2;MEASURE;4.51094
mandelbrot1;clang++;O2;MEASURE;4.50036
mandelbrot1;clang++;O2;MEASURE;4.54173
mandelbrot1;clang++;O2;MEASURE;4.51537
mandelbrot1;clang++;O2;MEASURE;4.54674
mandelbrot1;clang++;O2;MEASURE;4.52738
mandelbrot1;clang++;O2;MEASURE;4.55859
mandelbrot1;clang++;O2;MEASURE;4.5217
mandelbrot1;clang++;O2;MEASURE;4.51948
mandelbrot1;clang++;O2;MEASURE;4.50785
mandelbrot1;clang++;O2;MEASURE;4.49847
mandelbrot1;clang++;O2;MEASURE;4.49045
mandelbrot1;clang++;O2;MEASURE;4.49601
mandelbrot1;clang++;O2;MEASURE;4.52272
mandelbrot1;clang++;O2;MEASURE;4.50668
mandelbrot1;clang++;O2;MEASURE;4.52608
mandelbrot1;g++;O3;MEASURE;4.62396
mandelbrot1;g++;O3;MEASURE;4.62958
mandelbrot1;g++;O3;MEASURE;4.65268
mandelbrot1;g++;O3;MEASURE;4.60914
mandelbrot1;g++;O3;MEASURE;4.58038
mandelbrot1;g++;O3;MEASURE;4.59057
mandelbrot1;g++;O3;MEASURE;4.58411
mandelbrot1;g++;O3;MEASURE;4.57339
mandelbrot1;g++;O3;MEASURE;4.56326
mandelbrot1;g++;O3;MEASURE;4.56906
mandelbrot1;g++;O3;MEASURE;4.58826
mandelbrot1;g++;O3;MEASURE;4.58194
mandelbrot1;g++;O3;MEASURE;4.57121
mandelbrot1;g++;O3;MEASURE;4.59559
mandelbrot1;g++;O3;MEASURE;4.60943
mandelbrot1;g++;O3;MEASURE;4.61553
mandelbrot1;g++;O3;MEASURE;4.60073
mandelbrot1;g++;O3;MEASURE;4.5906
mandelbrot1;g++;O3;MEASURE;4.59521
mandelbrot1;g++;O3;MEASURE;4.60902
mandelbrot1;g++;O3;MEASURE;4.57764
mandelbrot1;g++;O3;MEASURE;4.57055
mandelbrot1;g++;O3;MEASURE;4.58347
mandelbrot1;g++;O3;MEASURE;4.60145
mandelbrot1;g++;O3;MEASURE;4.57054
mandelbrot1;g++;O3;MEASURE;4.64804
mandelbrot1;g++;O3;MEASURE;4.60775
mandelbrot1;g++;O3;MEASURE;4.61561
mandelbrot1;g++;O3;MEASURE;4.59009
mandelbrot1;g++;O3;MEASURE;4.62838
mandelbrot1;g++;O3;MEASURE;4.60723
mandelbrot1;g++;O3;MEASURE;4.60644
mandelbrot1;g++;O3;MEASURE;4.56266
mandelbrot1;g++;O3;MEASURE;4.60254
mandelbrot1;g++;O3;MEASURE;4.56201
mandelbrot1;g++;O3;MEASURE;4.56866
mandelbrot1;g++;O3;MEASURE;4.58533
mandelbrot1;g++;O3;MEASURE;4.57736
mandelbrot1;g++;O3;MEASURE;4.5853
mandelbrot1;g++;O3;MEASURE;4.58201
mandelbrot1;g++;O3;MEASURE;4.59653
mandelbrot1;g++;O3;MEASURE;4.57765
mandelbrot1;g++;O3;MEASURE;4.64663
mandelbrot1;g++;O3;MEASURE;4.59642
mandelbrot1;g++;O3;MEASURE;4.59206
mandelbrot1;g++;O3;MEASURE;4.58961
mandelbrot1;g++;O3;MEASURE;4.628
mandelbrot1;g++;O3;MEASURE;4.57505
mandelbrot1;g++;O3;MEASURE;4.56224
mandelbrot1;g++;O3;MEASURE;4.56237
mandelbrot1;g++;O3;MEASURE;4.57769
mandelbrot1;g++;O3;MEASURE;4.56441
mandelbrot1;g++;O3;MEASURE;4.60479
mandelbrot1;g++;O3;MEASURE;4.59604
mandelbrot1;g++;O3;MEASURE;4.62293
mandelbrot1;g++;O3;MEASURE;4.5903
mandelbrot1;g++;O3;MEASURE;4.56997
mandelbrot1;g++;O3;MEASURE;4.6289
mandelbrot1;g++;O3;MEASURE;4.57903
mandelbrot1;g++;O3;MEASURE;4.58388
mandelbrot1;g++;O3;MEASURE;4.59444
mandelbrot1;g++;O3;MEASURE;4.57441
mandelbrot1;g++;O3;MEASURE;4.58909
mandelbrot1;g++;O3;MEASURE;4.56333
mandelbrot1;g++;O3;MEASURE;4.57629
mandelbrot1;g++;O3;MEASURE;4.56415
mandelbrot1;g++;O3;MEASURE;4.62187
mandelbrot1;g++;O3;MEASURE;4.60027
mandelbrot1;g++;O3;MEASURE;4.59923
mandelbrot1;g++;O3;MEASURE;4.56979
mandelbrot1;g++;O3;MEASURE;4.61241
mandelbrot1;g++;O3;MEASURE;4.63544
mandelbrot1;g++;O3;MEASURE;4.58326
mandelbrot1;g++;O3;MEASURE;4.58154
mandelbrot1;g++;O3;MEASURE;4.58196
mandelbrot1;g++;O3;MEASURE;4.58143
mandelbrot1;g++;O3;MEASURE;4.57972
mandelbrot1;g++;O3;MEASURE;4.56455
mandelbrot1;g++;O3;MEASURE;4.57793
mandelbrot1;g++;O3;MEASURE;4.58793
mandelbrot1;g++;O3;MEASURE;4.58948
mandelbrot1;g++;O3;MEASURE;4.62351
mandelbrot1;g++;O3;MEASURE;4.57774
mandelbrot1;g++;O3;MEASURE;4.58358
mandelbrot1;g++;O3;MEASURE;4.5901
mandelbrot1;g++;O3;MEASURE;4.57682
mandelbrot1;g++;O3;MEASURE;4.58963
mandelbrot1;g++;O3;MEASURE;4.56953
mandelbrot1;g++;O3;MEASURE;4.5708
mandelbrot1;g++;O3;MEASURE;4.57523
mandelbrot1;clang++;O3;MEASURE;4.49151
mandelbrot1;clang++;O3;MEASURE;4.53125
mandelbrot1;clang++;O3;MEASURE;4.49917
mandelbrot1;clang++;O3;MEASURE;4.54785
mandelbrot1;clang++;O3;MEASURE;4.49447
mandelbrot1;clang++;O3;MEASURE;4.54671
mandelbrot1;clang++;O3;MEASURE;4.52167
mandelbrot1;clang++;O3;MEASURE;4.52056
mandelbrot1;clang++;O3;MEASURE;4.50635
mandelbrot1;clang++;O3;MEASURE;4.49095
mandelbrot1;clang++;O3;MEASURE;4.51125
mandelbrot1;clang++;O3;MEASURE;4.49096
mandelbrot1;clang++;O3;MEASURE;4.49926
mandelbrot1;clang++;O3;MEASURE;4.49638
mandelbrot1;clang++;O3;MEASURE;4.51094
mandelbrot1;clang++;O3;MEASURE;4.51217
mandelbrot1;clang++;O3;MEASURE;4.50669
mandelbrot1;clang++;O3;MEASURE;4.54282
mandelbrot1;clang++;O3;MEASURE;4.50921
mandelbrot1;clang++;O3;MEASURE;4.51395
mandelbrot1;clang++;O3;MEASURE;4.502
mandelbrot1;clang++;O3;MEASURE;4.51002
mandelbrot1;clang++;O3;MEASURE;4.49871
mandelbrot1;clang++;O3;MEASURE;4.52462
mandelbrot1;clang++;O3;MEASURE;4.50224
mandelbrot1;clang++;O3;MEASURE;4.49237
mandelbrot1;clang++;O3;MEASURE;4.499
mandelbrot1;clang++;O3;MEASURE;4.49833
mandelbrot1;clang++;O3;MEASURE;4.50584
mandelbrot1;clang++;O3;MEASURE;4.52382
mandelbrot1;clang++;O3;MEASURE;4.51462
mandelbrot1;clang++;O3;MEASURE;4.49479
mandelbrot1;clang++;O3;MEASURE;4.53179
mandelbrot1;clang++;O3;MEASURE;4.52398
mandelbrot1;clang++;O3;MEASURE;4.54933
mandelbrot1;clang++;O3;MEASURE;4.50645
mandelbrot1;clang++;O3;MEASURE;4.49777
mandelbrot1;clang++;O3;MEASURE;4.51498
mandelbrot1;clang++;O3;MEASURE;4.51358
mandelbrot1;clang++;O3;MEASURE;4.49746
mandelbrot1;clang++;O3;MEASURE;4.50554
mandelbrot1;clang++;O3;MEASURE;4.49408
mandelbrot1;clang++;O3;MEASURE;4.53549
mandelbrot1;clang++;O3;MEASURE;4.49024
mandelbrot1;clang++;O3;MEASURE;4.51137
mandelbrot1;clang++;O3;MEASURE;4.54186
mandelbrot1;clang++;O3;MEASURE;4.5007
mandelbrot1;clang++;O3;MEASURE;4.51696
mandelbrot1;clang++;O3;MEASURE;4.51027
mandelbrot1;clang++;O3;MEASURE;4.51574
mandelbrot1;clang++;O3;MEASURE;4.50021
mandelbrot1;clang++;O3;MEASURE;4.49592
mandelbrot1;clang++;O3;MEASURE;4.50963
mandelbrot1;clang++;O3;MEASURE;4.49444
mandelbrot1;clang++;O3;MEASURE;4.4981
mandelbrot1;clang++;O3;MEASURE;4.50042
mandelbrot1;clang++;O3;MEASURE;4.49734
mandelbrot1;clang++;O3;MEASURE;4.50792
mandelbrot1;clang++;O3;MEASURE;4.53632
mandelbrot1;clang++;O3;MEASURE;4.51655
mandelbrot1;clang++;O3;MEASURE;4.4997
mandelbrot1;clang++;O3;MEASURE;4.49625
mandelbrot1;clang++;O3;MEASURE;4.5177
mandelbrot1;clang++;O3;MEASURE;4.49671
mandelbrot1;clang++;O3;MEASURE;4.54176
mandelbrot1;clang++;O3;MEASURE;4.55335
mandelbrot1;clang++;O3;MEASURE;4.51115
mandelbrot1;clang++;O3;MEASURE;4.49136
mandelbrot1;clang++;O3;MEASURE;4.49386
mandelbrot1;clang++;O3;MEASURE;4.49886
mandelbrot1;clang++;O3;MEASURE;4.50609
mandelbrot1;clang++;O3;MEASURE;4.49055
mandelbrot1;clang++;O3;MEASURE;4.49091
mandelbrot1;clang++;O3;MEASURE;4.50025
mandelbrot1;clang++;O3;MEASURE;4.51067
mandelbrot1;clang++;O3;MEASURE;4.4971
mandelbrot1;clang++;O3;MEASURE;4.51341
mandelbrot1;clang++;O3;MEASURE;4.5177
mandelbrot1;clang++;O3;MEASURE;4.51275
mandelbrot1;clang++;O3;MEASURE;4.49387
mandelbrot1;clang++;O3;MEASURE;4.51931
mandelbrot1;clang++;O3;MEASURE;4.51394
mandelbrot1;clang++;O3;MEASURE;4.5124
mandelbrot1;clang++;O3;MEASURE;4.50831
mandelbrot1;clang++;O3;MEASURE;4.49164
mandelbrot1;clang++;O3;MEASURE;4.57555
mandelbrot1;clang++;O3;MEASURE;4.51402
mandelbrot1;clang++;O3;MEASURE;4.50582
mandelbrot1;clang++;O3;MEASURE;4.50576
mandelbrot1;clang++;O3;MEASURE;4.52932
mandelbrot2;g++;O2;MEASURE;1.84292
mandelbrot2;g++;O2;MEASURE;1.84142
mandelbrot2;g++;O2;MEASURE;1.8396
mandelbrot2;g++;O2;MEASURE;1.8422
mandelbrot2;g++;O2;MEASURE;1.8386
mandelbrot2;g++;O2;MEASURE;1.83443
mandelbrot2;g++;O2;MEASURE;1.8537
mandelbrot2;g++;O2;MEASURE;1.88675
mandelbrot2;g++;O2;MEASURE;1.85676
mandelbrot2;g++;O2;MEASURE;1.84256
mandelbrot2;g++;O2;MEASURE;1.83581
mandelbrot2;g++;O2;MEASURE;1.86218
mandelbrot2;g++;O2;MEASURE;1.83711
mandelbrot2;g++;O2;MEASURE;1.84733
mandelbrot2;g++;O2;MEASURE;1.85363
mandelbrot2;g++;O2;MEASURE;1.8649
mandelbrot2;g++;O2;MEASURE;1.83781
mandelbrot2;g++;O2;MEASURE;1.84196
mandelbrot2;g++;O2;MEASURE;1.86651
mandelbrot2;g++;O2;MEASURE;1.84574
mandelbrot2;g++;O2;MEASURE;1.8629
mandelbrot2;g++;O2;MEASURE;1.84386
mandelbrot2;g++;O2;MEASURE;1.84617
mandelbrot2;g++;O2;MEASURE;1.85497
mandelbrot2;g++;O2;MEASURE;1.85339
mandelbrot2;g++;O2;MEASURE;1.86218
mandelbrot2;g++;O2;MEASURE;1.83816
mandelbrot2;g++;O2;MEASURE;1.84655
mandelbrot2;g++;O2;MEASURE;1.85465
mandelbrot2;g++;O2;MEASURE;1.84071
mandelbrot2;g++;O2;MEASURE;1.86088
mandelbrot2;g++;O2;MEASURE;1.86404
mandelbrot2;g++;O2;MEASURE;1.87525
mandelbrot2;g++;O2;MEASURE;1.84637
mandelbrot2;g++;O2;MEASURE;1.84694
mandelbrot2;g++;O2;MEASURE;1.84953
mandelbrot2;g++;O2;MEASURE;1.83793
mandelbrot2;g++;O2;MEASURE;1.84498
mandelbrot2;g++;O2;MEASURE;1.83807
mandelbrot2;g++;O2;MEASURE;1.84032
mandelbrot2;g++;O2;MEASURE;1.83996
mandelbrot2;g++;O2;MEASURE;1.83854
mandelbrot2;g++;O2;MEASURE;1.83873
mandelbrot2;g++;O2;MEASURE;1.85718
mandelbrot2;g++;O2;MEASURE;1.85207
mandelbrot2;g++;O2;MEASURE;1.84299
mandelbrot2;g++;O2;MEASURE;1.85143
mandelbrot2;g++;O2;MEASURE;1.84511
mandelbrot2;g++;O2;MEASURE;1.86193
mandelbrot2;g++;O2;MEASURE;1.85433
mandelbrot2;g++;O2;MEASURE;1.86678
mandelbrot2;g++;O2;MEASURE;1.84962
mandelbrot2;g++;O2;MEASURE;1.88399
mandelbrot2;g++;O2;MEASURE;1.84891
mandelbrot2;g++;O2;MEASURE;1.86924
mandelbrot2;g++;O2;MEASURE;1.84182
mandelbrot2;g++;O2;MEASURE;1.84246
mandelbrot2;g++;O2;MEASURE;1.84337
mandelbrot2;g++;O2;MEASURE;1.84296
mandelbrot2;g++;O2;MEASURE;1.84727
mandelbrot2;g++;O2;MEASURE;1.88073
mandelbrot2;g++;O2;MEASURE;1.85173
mandelbrot2;g++;O2;MEASURE;1.87173
mandelbrot2;g++;O2;MEASURE;1.86308
mandelbrot2;g++;O2;MEASURE;1.85241
mandelbrot2;g++;O2;MEASURE;1.8456
mandelbrot2;g++;O2;MEASURE;1.8604
mandelbrot2;g++;O2;MEASURE;1.86514
mandelbrot2;g++;O2;MEASURE;1.85407
mandelbrot2;g++;O2;MEASURE;1.86145
mandelbrot2;g++;O2;MEASURE;1.85963
mandelbrot2;g++;O2;MEASURE;1.87385
mandelbrot2;g++;O2;MEASURE;1.8497
mandelbrot2;g++;O2;MEASURE;1.8429
mandelbrot2;g++;O2;MEASURE;1.84456
mandelbrot2;g++;O2;MEASURE;1.86819
mandelbrot2;g++;O2;MEASURE;1.84139
mandelbrot2;g++;O2;MEASURE;1.87159
mandelbrot2;g++;O2;MEASURE;1.86419
mandelbrot2;g++;O2;MEASURE;1.84011
mandelbrot2;g++;O2;MEASURE;1.84859
mandelbrot2;g++;O2;MEASURE;1.84978
mandelbrot2;g++;O2;MEASURE;1.84141
mandelbrot2;g++;O2;MEASURE;1.83841
mandelbrot2;g++;O2;MEASURE;1.8415
mandelbrot2;g++;O2;MEASURE;1.83855
mandelbrot2;g++;O2;MEASURE;1.84001
mandelbrot2;g++;O2;MEASURE;1.84123
mandelbrot2;g++;O2;MEASURE;1.83838
mandelbrot2;g++;O2;MEASURE;1.83803
mandelbrot2;clang++;O2;MEASURE;1.67091
mandelbrot2;clang++;O2;MEASURE;1.67634
mandelbrot2;clang++;O2;MEASURE;1.7021
mandelbrot2;clang++;O2;MEASURE;1.68746
mandelbrot2;clang++;O2;MEASURE;1.68661
mandelbrot2;clang++;O2;MEASURE;1.68332
mandelbrot2;clang++;O2;MEASURE;1.71617
mandelbrot2;clang++;O2;MEASURE;1.69109
mandelbrot2;clang++;O2;MEASURE;1.67843
mandelbrot2;clang++;O2;MEASURE;1.67167
mandelbrot2;clang++;O2;MEASURE;1.69395
mandelbrot2;clang++;O2;MEASURE;1.68349
mandelbrot2;clang++;O2;MEASURE;1.67584
mandelbrot2;clang++;O2;MEASURE;1.67206
mandelbrot2;clang++;O2;MEASURE;1.68703
mandelbrot2;clang++;O2;MEASURE;1.67582
mandelbrot2;clang++;O2;MEASURE;1.67841
mandelbrot2;clang++;O2;MEASURE;1.6764
mandelbrot2;clang++;O2;MEASURE;1.68272
mandelbrot2;clang++;O2;MEASURE;1.67381
mandelbrot2;clang++;O2;MEASURE;1.68119
mandelbrot2;clang++;O2;MEASURE;1.67386
mandelbrot2;clang++;O2;MEASURE;1.69671
mandelbrot2;clang++;O2;MEASURE;1.67212
mandelbrot2;clang++;O2;MEASURE;1.71494
mandelbrot2;clang++;O2;MEASURE;1.67581
mandelbrot2;clang++;O2;MEASURE;1.67211
mandelbrot2;clang++;O2;MEASURE;1.6804
mandelbrot2;clang++;O2;MEASURE;1.67645
mandelbrot2;clang++;O2;MEASURE;1.68079
mandelbrot2;clang++;O2;MEASURE;1.7136
mandelbrot2;clang++;O2;MEASURE;1.67829
mandelbrot2;clang++;O2;MEASURE;1.67122
mandelbrot2;clang++;O2;MEASURE;1.67128
mandelbrot2;clang++;O2;MEASURE;1.67332
mandelbrot2;clang++;O2;MEASURE;1.70373
mandelbrot2;clang++;O2;MEASURE;1.68895
mandelbrot2;clang++;O2;MEASURE;1.67851
mandelbrot2;clang++;O2;MEASURE;1.67621
mandelbrot2;clang++;O2;MEASURE;1.6751
mandelbrot2;clang++;O2;MEASURE;1.69398
mandelbrot2;clang++;O2;MEASURE;1.68623
mandelbrot2;clang++;O2;MEASURE;1.68819
mandelbrot2;clang++;O2;MEASURE;1.67849
mandelbrot2;clang++;O2;MEASURE;1.67132
mandelbrot2;clang++;O2;MEASURE;1.70979
mandelbrot2;clang++;O2;MEASURE;1.68874
mandelbrot2;clang++;O2;MEASURE;1.67813
mandelbrot2;clang++;O2;MEASURE;1.6808
mandelbrot2;clang++;O2;MEASURE;1.67193
mandelbrot2;clang++;O2;MEASURE;1.70381
mandelbrot2;clang++;O2;MEASURE;1.68706
mandelbrot2;clang++;O2;MEASURE;1.67463
mandelbrot2;clang++;O2;MEASURE;1.67435
mandelbrot2;clang++;O2;MEASURE;1.698
mandelbrot2;clang++;O2;MEASURE;1.67345
mandelbrot2;clang++;O2;MEASURE;1.67579
mandelbrot2;clang++;O2;MEASURE;1.69621
mandelbrot2;clang++;O2;MEASURE;1.67938
mandelbrot2;clang++;O2;MEASURE;1.70071
mandelbrot2;clang++;O2;MEASURE;1.68603
mandelbrot2;clang++;O2;MEASURE;1.68124
mandelbrot2;clang++;O2;MEASURE;1.70692
mandelbrot2;clang++;O2;MEASURE;1.71945
mandelbrot2;clang++;O2;MEASURE;1.68383
mandelbrot2;clang++;O2;MEASURE;1.68164
mandelbrot2;clang++;O2;MEASURE;1.67694
mandelbrot2;clang++;O2;MEASURE;1.70868
mandelbrot2;clang++;O2;MEASURE;1.70909
mandelbrot2;clang++;O2;MEASURE;1.67105
mandelbrot2;clang++;O2;MEASURE;1.71457
mandelbrot2;clang++;O2;MEASURE;1.68398
mandelbrot2;clang++;O2;MEASURE;1.68016
mandelbrot2;clang++;O2;MEASURE;1.69315
mandelbrot2;clang++;O2;MEASURE;1.68543
mandelbrot2;clang++;O2;MEASURE;1.67118
mandelbrot2;clang++;O2;MEASURE;1.70942
mandelbrot2;clang++;O2;MEASURE;1.69025
mandelbrot2;clang++;O2;MEASURE;1.67203
mandelbrot2;clang++;O2;MEASURE;1.67187
mandelbrot2;clang++;O2;MEASURE;1.69079
mandelbrot2;clang++;O2;MEASURE;1.67541
mandelbrot2;clang++;O2;MEASURE;1.67429
mandelbrot2;clang++;O2;MEASURE;1.67668
mandelbrot2;clang++;O2;MEASURE;1.68917
mandelbrot2;clang++;O2;MEASURE;1.67691
mandelbrot2;clang++;O2;MEASURE;1.67284
mandelbrot2;clang++;O2;MEASURE;1.67169
mandelbrot2;clang++;O2;MEASURE;1.68742
mandelbrot2;clang++;O2;MEASURE;1.6812
mandelbrot2;g++;O3;MEASURE;2.32155
mandelbrot2;g++;O3;MEASURE;2.321
mandelbrot2;g++;O3;MEASURE;2.33842
mandelbrot2;g++;O3;MEASURE;2.31641
mandelbrot2;g++;O3;MEASURE;2.34313
mandelbrot2;g++;O3;MEASURE;2.34142
mandelbrot2;g++;O3;MEASURE;2.31663
mandelbrot2;g++;O3;MEASURE;2.3169
mandelbrot2;g++;O3;MEASURE;2.33777
mandelbrot2;g++;O3;MEASURE;2.32434
mandelbrot2;g++;O3;MEASURE;2.32941
mandelbrot2;g++;O3;MEASURE;2.329
mandelbrot2;g++;O3;MEASURE;2.31665
mandelbrot2;g++;O3;MEASURE;2.32283
mandelbrot2;g++;O3;MEASURE;2.31762
mandelbrot2;g++;O3;MEASURE;2.33318
mandelbrot2;g++;O3;MEASURE;2.32353
mandelbrot2;g++;O3;MEASURE;2.33181
mandelbrot2;g++;O3;MEASURE;2.31905
mandelbrot2;g++;O3;MEASURE;2.32486
mandelbrot2;g++;O3;MEASURE;2.31677
mandelbrot2;g++;O3;MEASURE;2.325
mandelbrot2;g++;O3;MEASURE;2.32147
mandelbrot2;g++;O3;MEASURE;2.32746
mandelbrot2;g++;O3;MEASURE;2.34925
mandelbrot2;g++;O3;MEASURE;2.36079
mandelbrot2;g++;O3;MEASURE;2.32518
mandelbrot2;g++;O3;MEASURE;2.32899
mandelbrot2;g++;O3;MEASURE;2.31607
mandelbrot2;g++;O3;MEASURE;2.31625
mandelbrot2;g++;O3;MEASURE;2.31436
mandelbrot2;g++;O3;MEASURE;2.3535
mandelbrot2;g++;O3;MEASURE;2.31578
mandelbrot2;g++;O3;MEASURE;2.31676
mandelbrot2;g++;O3;MEASURE;2.324
mandelbrot2;g++;O3;MEASURE;2.32409
mandelbrot2;g++;O3;MEASURE;2.3519
mandelbrot2;g++;O3;MEASURE;2.34242
mandelbrot2;g++;O3;MEASURE;2.3235
mandelbrot2;g++;O3;MEASURE;2.36278
mandelbrot2;g++;O3;MEASURE;2.33003
mandelbrot2;g++;O3;MEASURE;2.32898
mandelbrot2;g++;O3;MEASURE;2.31808
mandelbrot2;g++;O3;MEASURE;2.32802
mandelbrot2;g++;O3;MEASURE;2.35218
mandelbrot2;g++;O3;MEASURE;2.32068
mandelbrot2;g++;O3;MEASURE;2.32997
mandelbrot2;g++;O3;MEASURE;2.31433
mandelbrot2;g++;O3;MEASURE;2.35635
mandelbrot2;g++;O3;MEASURE;2.32964
mandelbrot2;g++;O3;MEASURE;2.32013
mandelbrot2;g++;O3;MEASURE;2.31976
mandelbrot2;g++;O3;MEASURE;2.34532
mandelbrot2;g++;O3;MEASURE;2.3148
mandelbrot2;g++;O3;MEASURE;2.33804
mandelbrot2;g++;O3;MEASURE;2.31559
mandelbrot2;g++;O3;MEASURE;2.31661
mandelbrot2;g++;O3;MEASURE;2.3158
mandelbrot2;g++;O3;MEASURE;2.31666
mandelbrot2;g++;O3;MEASURE;2.32498
mandelbrot2;g++;O3;MEASURE;2.33607
mandelbrot2;g++;O3;MEASURE;2.32439
mandelbrot2;g++;O3;MEASURE;2.3541
mandelbrot2;g++;O3;MEASURE;2.34363
mandelbrot2;g++;O3;MEASURE;2.36897
mandelbrot2;g++;O3;MEASURE;2.38446
mandelbrot2;g++;O3;MEASURE;2.33008
mandelbrot2;g++;O3;MEASURE;2.31499
mandelbrot2;g++;O3;MEASURE;2.353
mandelbrot2;g++;O3;MEASURE;2.31569
mandelbrot2;g++;O3;MEASURE;2.31547
mandelbrot2;g++;O3;MEASURE;2.31464
mandelbrot2;g++;O3;MEASURE;2.31693
mandelbrot2;g++;O3;MEASURE;2.32771
mandelbrot2;g++;O3;MEASURE;2.31582
mandelbrot2;g++;O3;MEASURE;2.31647
mandelbrot2;g++;O3;MEASURE;2.31849
mandelbrot2;g++;O3;MEASURE;2.31763
mandelbrot2;g++;O3;MEASURE;2.3511
mandelbrot2;g++;O3;MEASURE;2.31999
mandelbrot2;g++;O3;MEASURE;2.32255
mandelbrot2;g++;O3;MEASURE;2.32726
mandelbrot2;g++;O3;MEASURE;2.31625
mandelbrot2;g++;O3;MEASURE;2.3563
mandelbrot2;g++;O3;MEASURE;2.33237
mandelbrot2;g++;O3;MEASURE;2.33443
mandelbrot2;g++;O3;MEASURE;2.33528
mandelbrot2;g++;O3;MEASURE;2.31927
mandelbrot2;g++;O3;MEASURE;2.34804
mandelbrot2;g++;O3;MEASURE;2.34786
mandelbrot2;clang++;O3;MEASURE;1.73597
mandelbrot2;clang++;O3;MEASURE;1.70833
mandelbrot2;clang++;O3;MEASURE;1.73159
mandelbrot2;clang++;O3;MEASURE;1.68925
mandelbrot2;clang++;O3;MEASURE;1.68573
mandelbrot2;clang++;O3;MEASURE;1.68367
mandelbrot2;clang++;O3;MEASURE;1.6925
mandelbrot2;clang++;O3;MEASURE;1.6796
mandelbrot2;clang++;O3;MEASURE;1.70863
mandelbrot2;clang++;O3;MEASURE;1.70145
mandelbrot2;clang++;O3;MEASURE;1.67445
mandelbrot2;clang++;O3;MEASURE;1.67072
mandelbrot2;clang++;O3;MEASURE;1.67223
mandelbrot2;clang++;O3;MEASURE;1.67109
mandelbrot2;clang++;O3;MEASURE;1.68522
mandelbrot2;clang++;O3;MEASURE;1.69058
mandelbrot2;clang++;O3;MEASURE;1.67082
mandelbrot2;clang++;O3;MEASURE;1.67087
mandelbrot2;clang++;O3;MEASURE;1.67484
mandelbrot2;clang++;O3;MEASURE;1.67796
mandelbrot2;clang++;O3;MEASURE;1.68377
mandelbrot2;clang++;O3;MEASURE;1.67949
mandelbrot2;clang++;O3;MEASURE;1.6792
mandelbrot2;clang++;O3;MEASURE;1.67787
mandelbrot2;clang++;O3;MEASURE;1.67093
mandelbrot2;clang++;O3;MEASURE;1.67173
mandelbrot2;clang++;O3;MEASURE;1.69455
mandelbrot2;clang++;O3;MEASURE;1.68138
mandelbrot2;clang++;O3;MEASURE;1.71124
mandelbrot2;clang++;O3;MEASURE;1.67072
mandelbrot2;clang++;O3;MEASURE;1.7026
mandelbrot2;clang++;O3;MEASURE;1.7366
mandelbrot2;clang++;O3;MEASURE;1.75961
mandelbrot2;clang++;O3;MEASURE;1.69327
mandelbrot2;clang++;O3;MEASURE;1.68593
mandelbrot2;clang++;O3;MEASURE;1.67108
mandelbrot2;clang++;O3;MEASURE;1.68643
mandelbrot2;clang++;O3;MEASURE;1.69266
mandelbrot2;clang++;O3;MEASURE;1.68231
mandelbrot2;clang++;O3;MEASURE;1.67138
mandelbrot2;clang++;O3;MEASURE;1.67152
mandelbrot2;clang++;O3;MEASURE;1.67234
mandelbrot2;clang++;O3;MEASURE;1.67409
mandelbrot2;clang++;O3;MEASURE;1.67588
mandelbrot2;clang++;O3;MEASURE;1.67912
mandelbrot2;clang++;O3;MEASURE;1.6765
mandelbrot2;clang++;O3;MEASURE;1.68986
mandelbrot2;clang++;O3;MEASURE;1.6766
mandelbrot2;clang++;O3;MEASURE;1.69766
mandelbrot2;clang++;O3;MEASURE;1.68384
mandelbrot2;clang++;O3;MEASURE;1.67558
mandelbrot2;clang++;O3;MEASURE;1.68968
mandelbrot2;clang++;O3;MEASURE;1.69348
mandelbrot2;clang++;O3;MEASURE;1.67171
mandelbrot2;clang++;O3;MEASURE;1.69364
mandelbrot2;clang++;O3;MEASURE;1.67235
mandelbrot2;clang++;O3;MEASURE;1.67924
mandelbrot2;clang++;O3;MEASURE;1.6931
mandelbrot2;clang++;O3;MEASURE;1.6808
mandelbrot2;clang++;O3;MEASURE;1.67108
mandelbrot2;clang++;O3;MEASURE;1.6749
mandelbrot2;clang++;O3;MEASURE;1.67418
mandelbrot2;clang++;O3;MEASURE;1.67404
mandelbrot2;clang++;O3;MEASURE;1.6948
mandelbrot2;clang++;O3;MEASURE;1.67884
mandelbrot2;clang++;O3;MEASURE;1.6962
mandelbrot2;clang++;O3;MEASURE;1.6737
mandelbrot2;clang++;O3;MEASURE;1.67063
mandelbrot2;clang++;O3;MEASURE;1.67979
mandelbrot2;clang++;O3;MEASURE;1.67526
mandelbrot2;clang++;O3;MEASURE;1.6705
mandelbrot2;clang++;O3;MEASURE;1.68353
mandelbrot2;clang++;O3;MEASURE;1.69839
mandelbrot2;clang++;O3;MEASURE;1.70242
mandelbrot2;clang++;O3;MEASURE;1.68318
mandelbrot2;clang++;O3;MEASURE;1.72556
mandelbrot2;clang++;O3;MEASURE;1.67994
mandelbrot2;clang++;O3;MEASURE;1.68821
mandelbrot2;clang++;O3;MEASURE;1.68375
mandelbrot2;clang++;O3;MEASURE;1.6875
mandelbrot2;clang++;O3;MEASURE;1.68365
mandelbrot2;clang++;O3;MEASURE;1.68005
mandelbrot2;clang++;O3;MEASURE;1.68679
mandelbrot2;clang++;O3;MEASURE;1.67471
mandelbrot2;clang++;O3;MEASURE;1.67392
mandelbrot2;clang++;O3;MEASURE;1.69031
mandelbrot2;clang++;O3;MEASURE;1.70331
mandelbrot2;clang++;O3;MEASURE;1.7016
mandelbrot2;clang++;O3;MEASURE;1.68715
mandelbrot2;clang++;O3;MEASURE;1.6815
mandelbrot3;g++;O2;MEASURE;1.4057
mandelbrot3;g++;O2;MEASURE;1.40158
mandelbrot3;g++;O2;MEASURE;1.42546
mandelbrot3;g++;O2;MEASURE;1.43974
mandelbrot3;g++;O2;MEASURE;1.39663
mandelbrot3;g++;O2;MEASURE;1.3946
mandelbrot3;g++;O2;MEASURE;1.39479
mandelbrot3;g++;O2;MEASURE;1.43091
mandelbrot3;g++;O2;MEASURE;1.40125
mandelbrot3;g++;O2;MEASURE;1.42936
mandelbrot3;g++;O2;MEASURE;1.40902
mandelbrot3;g++;O2;MEASURE;1.39228
mandelbrot3;g++;O2;MEASURE;1.4056
mandelbrot3;g++;O2;MEASURE;1.41392
mandelbrot3;g++;O2;MEASURE;1.42495
mandelbrot3;g++;O2;MEASURE;1.4025
mandelbrot3;g++;O2;MEASURE;1.41588
mandelbrot3;g++;O2;MEASURE;1.39255
mandelbrot3;g++;O2;MEASURE;1.41097
mandelbrot3;g++;O2;MEASURE;1.39489
mandelbrot3;g++;O2;MEASURE;1.39217
mandelbrot3;g++;O2;MEASURE;1.39768
mandelbrot3;g++;O2;MEASURE;1.40213
mandelbrot3;g++;O2;MEASURE;1.40618
mandelbrot3;g++;O2;MEASURE;1.40381
mandelbrot3;g++;O2;MEASURE;1.39105
mandelbrot3;g++;O2;MEASURE;1.39124
mandelbrot3;g++;O2;MEASURE;1.39136
mandelbrot3;g++;O2;MEASURE;1.39146
mandelbrot3;g++;O2;MEASURE;1.40344
mandelbrot3;g++;O2;MEASURE;1.4142
mandelbrot3;g++;O2;MEASURE;1.39132
mandelbrot3;g++;O2;MEASURE;1.40429
mandelbrot3;g++;O2;MEASURE;1.43501
mandelbrot3;g++;O2;MEASURE;1.42248
mandelbrot3;g++;O2;MEASURE;1.3979
mandelbrot3;g++;O2;MEASURE;1.39488
mandelbrot3;g++;O2;MEASURE;1.39285
mandelbrot3;g++;O2;MEASURE;1.39078
mandelbrot3;g++;O2;MEASURE;1.41612
mandelbrot3;g++;O2;MEASURE;1.4233
mandelbrot3;g++;O2;MEASURE;1.39942
mandelbrot3;g++;O2;MEASURE;1.39653
mandelbrot3;g++;O2;MEASURE;1.39158
mandelbrot3;g++;O2;MEASURE;1.39128
mandelbrot3;g++;O2;MEASURE;1.39183
mandelbrot3;g++;O2;MEASURE;1.39613
mandelbrot3;g++;O2;MEASURE;1.3918
mandelbrot3;g++;O2;MEASURE;1.41129
mandelbrot3;g++;O2;MEASURE;1.40157
mandelbrot3;g++;O2;MEASURE;1.39176
mandelbrot3;g++;O2;MEASURE;1.39135
mandelbrot3;g++;O2;MEASURE;1.39132
mandelbrot3;g++;O2;MEASURE;1.39148
mandelbrot3;g++;O2;MEASURE;1.40713
mandelbrot3;g++;O2;MEASURE;1.39795
mandelbrot3;g++;O2;MEASURE;1.40317
mandelbrot3;g++;O2;MEASURE;1.39154
mandelbrot3;g++;O2;MEASURE;1.39158
mandelbrot3;g++;O2;MEASURE;1.3916
mandelbrot3;g++;O2;MEASURE;1.40126
mandelbrot3;g++;O2;MEASURE;1.41478
mandelbrot3;g++;O2;MEASURE;1.40211
mandelbrot3;g++;O2;MEASURE;1.43384
mandelbrot3;g++;O2;MEASURE;1.40166
mandelbrot3;g++;O2;MEASURE;1.39133
mandelbrot3;g++;O2;MEASURE;1.40655
mandelbrot3;g++;O2;MEASURE;1.41313
mandelbrot3;g++;O2;MEASURE;1.41758
mandelbrot3;g++;O2;MEASURE;1.39505
mandelbrot3;g++;O2;MEASURE;1.41794
mandelbrot3;g++;O2;MEASURE;1.40456
mandelbrot3;g++;O2;MEASURE;1.39737
mandelbrot3;g++;O2;MEASURE;1.39232
mandelbrot3;g++;O2;MEASURE;1.39142
mandelbrot3;g++;O2;MEASURE;1.39725
mandelbrot3;g++;O2;MEASURE;1.39693
mandelbrot3;g++;O2;MEASURE;1.39108
mandelbrot3;g++;O2;MEASURE;1.3931
mandelbrot3;g++;O2;MEASURE;1.39109
mandelbrot3;g++;O2;MEASURE;1.39139
mandelbrot3;g++;O2;MEASURE;1.39143
mandelbrot3;g++;O2;MEASURE;1.39643
mandelbrot3;g++;O2;MEASURE;1.39275
mandelbrot3;g++;O2;MEASURE;1.40031
mandelbrot3;g++;O2;MEASURE;1.41932
mandelbrot3;g++;O2;MEASURE;1.39118
mandelbrot3;g++;O2;MEASURE;1.40104
mandelbrot3;g++;O2;MEASURE;1.41842
mandelbrot3;g++;O2;MEASURE;1.39976
mandelbrot3;clang++;O2;MEASURE;1.37367
mandelbrot3;clang++;O2;MEASURE;1.37439
mandelbrot3;clang++;O2;MEASURE;1.39842
mandelbrot3;clang++;O2;MEASURE;1.3755
mandelbrot3;clang++;O2;MEASURE;1.37271
mandelbrot3;clang++;O2;MEASURE;1.37188
mandelbrot3;clang++;O2;MEASURE;1.37419
mandelbrot3;clang++;O2;MEASURE;1.37197
mandelbrot3;clang++;O2;MEASURE;1.38074
mandelbrot3;clang++;O2;MEASURE;1.37217
mandelbrot3;clang++;O2;MEASURE;1.37159
mandelbrot3;clang++;O2;MEASURE;1.37179
mandelbrot3;clang++;O2;MEASURE;1.37425
mandelbrot3;clang++;O2;MEASURE;1.38952
mandelbrot3;clang++;O2;MEASURE;1.37238
mandelbrot3;clang++;O2;MEASURE;1.37597
mandelbrot3;clang++;O2;MEASURE;1.37177
mandelbrot3;clang++;O2;MEASURE;1.37234
mandelbrot3;clang++;O2;MEASURE;1.37251
mandelbrot3;clang++;O2;MEASURE;1.37255
mandelbrot3;clang++;O2;MEASURE;1.38174
mandelbrot3;clang++;O2;MEASURE;1.39472
mandelbrot3;clang++;O2;MEASURE;1.38042
mandelbrot3;clang++;O2;MEASURE;1.37522
mandelbrot3;clang++;O2;MEASURE;1.37501
mandelbrot3;clang++;O2;MEASURE;1.37594
mandelbrot3;clang++;O2;MEASURE;1.37831
mandelbrot3;clang++;O2;MEASURE;1.37545
mandelbrot3;clang++;O2;MEASURE;1.38542
mandelbrot3;clang++;O2;MEASURE;1.38489
mandelbrot3;clang++;O2;MEASURE;1.38994
mandelbrot3;clang++;O2;MEASURE;1.38588
mandelbrot3;clang++;O2;MEASURE;1.3747
mandelbrot3;clang++;O2;MEASURE;1.3832
mandelbrot3;clang++;O2;MEASURE;1.37244
mandelbrot3;clang++;O2;MEASURE;1.37461
mandelbrot3;clang++;O2;MEASURE;1.38282
mandelbrot3;clang++;O2;MEASURE;1.37244
mandelbrot3;clang++;O2;MEASURE;1.3759
mandelbrot3;clang++;O2;MEASURE;1.37207
mandelbrot3;clang++;O2;MEASURE;1.37233
mandelbrot3;clang++;O2;MEASURE;1.38556
mandelbrot3;clang++;O2;MEASURE;1.39138
mandelbrot3;clang++;O2;MEASURE;1.37291
mandelbrot3;clang++;O2;MEASURE;1.3724
mandelbrot3;clang++;O2;MEASURE;1.37026
mandelbrot3;clang++;O2;MEASURE;1.37357
mandelbrot3;clang++;O2;MEASURE;1.37273
mandelbrot3;clang++;O2;MEASURE;1.38607
mandelbrot3;clang++;O2;MEASURE;1.37181
mandelbrot3;clang++;O2;MEASURE;1.37255
mandelbrot3;clang++;O2;MEASURE;1.37182
mandelbrot3;clang++;O2;MEASURE;1.38464
mandelbrot3;clang++;O2;MEASURE;1.38305
mandelbrot3;clang++;O2;MEASURE;1.37128
mandelbrot3;clang++;O2;MEASURE;1.37729
mandelbrot3;clang++;O2;MEASURE;1.37476
mandelbrot3;clang++;O2;MEASURE;1.3819
mandelbrot3;clang++;O2;MEASURE;1.38748
mandelbrot3;clang++;O2;MEASURE;1.37163
mandelbrot3;clang++;O2;MEASURE;1.37154
mandelbrot3;clang++;O2;MEASURE;1.38997
mandelbrot3;clang++;O2;MEASURE;1.37689
mandelbrot3;clang++;O2;MEASURE;1.37723
mandelbrot3;clang++;O2;MEASURE;1.3723
mandelbrot3;clang++;O2;MEASURE;1.37165
mandelbrot3;clang++;O2;MEASURE;1.3735
mandelbrot3;clang++;O2;MEASURE;1.37287
mandelbrot3;clang++;O2;MEASURE;1.37213
mandelbrot3;clang++;O2;MEASURE;1.38536
mandelbrot3;clang++;O2;MEASURE;1.37417
mandelbrot3;clang++;O2;MEASURE;1.38866
mandelbrot3;clang++;O2;MEASURE;1.37411
mandelbrot3;clang++;O2;MEASURE;1.39452
mandelbrot3;clang++;O2;MEASURE;1.38549
mandelbrot3;clang++;O2;MEASURE;1.38611
mandelbrot3;clang++;O2;MEASURE;1.39867
mandelbrot3;clang++;O2;MEASURE;1.38988
mandelbrot3;clang++;O2;MEASURE;1.37682
mandelbrot3;clang++;O2;MEASURE;1.37392
mandelbrot3;clang++;O2;MEASURE;1.38039
mandelbrot3;clang++;O2;MEASURE;1.37682
mandelbrot3;clang++;O2;MEASURE;1.37168
mandelbrot3;clang++;O2;MEASURE;1.37194
mandelbrot3;clang++;O2;MEASURE;1.3788
mandelbrot3;clang++;O2;MEASURE;1.37476
mandelbrot3;clang++;O2;MEASURE;1.39343
mandelbrot3;clang++;O2;MEASURE;1.3843
mandelbrot3;clang++;O2;MEASURE;1.37682
mandelbrot3;clang++;O2;MEASURE;1.38802
mandelbrot3;g++;O3;MEASURE;1.41104
mandelbrot3;g++;O3;MEASURE;1.42306
mandelbrot3;g++;O3;MEASURE;1.39457
mandelbrot3;g++;O3;MEASURE;1.44957
mandelbrot3;g++;O3;MEASURE;1.40605
mandelbrot3;g++;O3;MEASURE;1.42068
mandelbrot3;g++;O3;MEASURE;1.42515
mandelbrot3;g++;O3;MEASURE;1.41812
mandelbrot3;g++;O3;MEASURE;1.40106
mandelbrot3;g++;O3;MEASURE;1.39563
mandelbrot3;g++;O3;MEASURE;1.40375
mandelbrot3;g++;O3;MEASURE;1.40387
mandelbrot3;g++;O3;MEASURE;1.39263
mandelbrot3;g++;O3;MEASURE;1.39277
mandelbrot3;g++;O3;MEASURE;1.41271
mandelbrot3;g++;O3;MEASURE;1.39698
mandelbrot3;g++;O3;MEASURE;1.39486
mandelbrot3;g++;O3;MEASURE;1.41043
mandelbrot3;g++;O3;MEASURE;1.39722
mandelbrot3;g++;O3;MEASURE;1.40935
mandelbrot3;g++;O3;MEASURE;1.41015
mandelbrot3;g++;O3;MEASURE;1.41586
mandelbrot3;g++;O3;MEASURE;1.39851
mandelbrot3;g++;O3;MEASURE;1.40389
mandelbrot3;g++;O3;MEASURE;1.40519
mandelbrot3;g++;O3;MEASURE;1.40645
mandelbrot3;g++;O3;MEASURE;1.40169
mandelbrot3;g++;O3;MEASURE;1.41504
mandelbrot3;g++;O3;MEASURE;1.39733
mandelbrot3;g++;O3;MEASURE;1.40931
mandelbrot3;g++;O3;MEASURE;1.44573
mandelbrot3;g++;O3;MEASURE;1.40907
mandelbrot3;g++;O3;MEASURE;1.40174
mandelbrot3;g++;O3;MEASURE;1.41689
mandelbrot3;g++;O3;MEASURE;1.39147
mandelbrot3;g++;O3;MEASURE;1.41631
mandelbrot3;g++;O3;MEASURE;1.42063
mandelbrot3;g++;O3;MEASURE;1.40538
mandelbrot3;g++;O3;MEASURE;1.40063
mandelbrot3;g++;O3;MEASURE;1.42968
mandelbrot3;g++;O3;MEASURE;1.39368
mandelbrot3;g++;O3;MEASURE;1.39245
mandelbrot3;g++;O3;MEASURE;1.40073
mandelbrot3;g++;O3;MEASURE;1.40958
mandelbrot3;g++;O3;MEASURE;1.3975
mandelbrot3;g++;O3;MEASURE;1.39338
mandelbrot3;g++;O3;MEASURE;1.39518
mandelbrot3;g++;O3;MEASURE;1.40613
mandelbrot3;g++;O3;MEASURE;1.39112
mandelbrot3;g++;O3;MEASURE;1.41992
mandelbrot3;g++;O3;MEASURE;1.40133
mandelbrot3;g++;O3;MEASURE;1.39488
mandelbrot3;g++;O3;MEASURE;1.39256
mandelbrot3;g++;O3;MEASURE;1.39169
mandelbrot3;g++;O3;MEASURE;1.39157
mandelbrot3;g++;O3;MEASURE;1.40492
mandelbrot3;g++;O3;MEASURE;1.39249
mandelbrot3;g++;O3;MEASURE;1.41395
mandelbrot3;g++;O3;MEASURE;1.40618
mandelbrot3;g++;O3;MEASURE;1.39488
mandelbrot3;g++;O3;MEASURE;1.42889
mandelbrot3;g++;O3;MEASURE;1.40612
mandelbrot3;g++;O3;MEASURE;1.44016
mandelbrot3;g++;O3;MEASURE;1.40561
mandelbrot3;g++;O3;MEASURE;1.4059
mandelbrot3;g++;O3;MEASURE;1.40647
mandelbrot3;g++;O3;MEASURE;1.39155
mandelbrot3;g++;O3;MEASURE;1.41036
mandelbrot3;g++;O3;MEASURE;1.40165
mandelbrot3;g++;O3;MEASURE;1.40193
mandelbrot3;g++;O3;MEASURE;1.40765
mandelbrot3;g++;O3;MEASURE;1.39731
mandelbrot3;g++;O3;MEASURE;1.40849
mandelbrot3;g++;O3;MEASURE;1.42321
mandelbrot3;g++;O3;MEASURE;1.40432
mandelbrot3;g++;O3;MEASURE;1.42196
mandelbrot3;g++;O3;MEASURE;1.39534
mandelbrot3;g++;O3;MEASURE;1.41472
mandelbrot3;g++;O3;MEASURE;1.39448
mandelbrot3;g++;O3;MEASURE;1.40494
mandelbrot3;g++;O3;MEASURE;1.40633
mandelbrot3;g++;O3;MEASURE;1.39112
mandelbrot3;g++;O3;MEASURE;1.40362
mandelbrot3;g++;O3;MEASURE;1.39138
mandelbrot3;g++;O3;MEASURE;1.3918
mandelbrot3;g++;O3;MEASURE;1.40377
mandelbrot3;g++;O3;MEASURE;1.39889
mandelbrot3;g++;O3;MEASURE;1.39245
mandelbrot3;g++;O3;MEASURE;1.39302
mandelbrot3;g++;O3;MEASURE;1.39387
mandelbrot3;clang++;O3;MEASURE;1.39253
mandelbrot3;clang++;O3;MEASURE;1.38152
mandelbrot3;clang++;O3;MEASURE;1.39274
mandelbrot3;clang++;O3;MEASURE;1.39411
mandelbrot3;clang++;O3;MEASURE;1.37204
mandelbrot3;clang++;O3;MEASURE;1.37221
mandelbrot3;clang++;O3;MEASURE;1.37241
mandelbrot3;clang++;O3;MEASURE;1.39627
mandelbrot3;clang++;O3;MEASURE;1.39479
mandelbrot3;clang++;O3;MEASURE;1.37266
mandelbrot3;clang++;O3;MEASURE;1.37375
mandelbrot3;clang++;O3;MEASURE;1.37803
mandelbrot3;clang++;O3;MEASURE;1.38379
mandelbrot3;clang++;O3;MEASURE;1.37258
mandelbrot3;clang++;O3;MEASURE;1.38968
mandelbrot3;clang++;O3;MEASURE;1.39768
mandelbrot3;clang++;O3;MEASURE;1.37471
mandelbrot3;clang++;O3;MEASURE;1.37295
mandelbrot3;clang++;O3;MEASURE;1.37268
mandelbrot3;clang++;O3;MEASURE;1.37225
mandelbrot3;clang++;O3;MEASURE;1.3726
mandelbrot3;clang++;O3;MEASURE;1.37765
mandelbrot3;clang++;O3;MEASURE;1.37218
mandelbrot3;clang++;O3;MEASURE;1.37222
mandelbrot3;clang++;O3;MEASURE;1.37268
mandelbrot3;clang++;O3;MEASURE;1.37971
mandelbrot3;clang++;O3;MEASURE;1.37252
mandelbrot3;clang++;O3;MEASURE;1.37268
mandelbrot3;clang++;O3;MEASURE;1.38585
mandelbrot3;clang++;O3;MEASURE;1.37655
mandelbrot3;clang++;O3;MEASURE;1.43073
mandelbrot3;clang++;O3;MEASURE;1.38371
mandelbrot3;clang++;O3;MEASURE;1.41224
mandelbrot3;clang++;O3;MEASURE;1.37487
mandelbrot3;clang++;O3;MEASURE;1.37827
mandelbrot3;clang++;O3;MEASURE;1.38959
mandelbrot3;clang++;O3;MEASURE;1.42858
mandelbrot3;clang++;O3;MEASURE;1.40149
mandelbrot3;clang++;O3;MEASURE;1.38333
mandelbrot3;clang++;O3;MEASURE;1.38183
mandelbrot3;clang++;O3;MEASURE;1.3792
mandelbrot3;clang++;O3;MEASURE;1.37259
mandelbrot3;clang++;O3;MEASURE;1.3737
mandelbrot3;clang++;O3;MEASURE;1.40672
mandelbrot3;clang++;O3;MEASURE;1.37294
mandelbrot3;clang++;O3;MEASURE;1.38841
mandelbrot3;clang++;O3;MEASURE;1.38635
mandelbrot3;clang++;O3;MEASURE;1.37277
mandelbrot3;clang++;O3;MEASURE;1.38627
mandelbrot3;clang++;O3;MEASURE;1.3838
mandelbrot3;clang++;O3;MEASURE;1.3738
mandelbrot3;clang++;O3;MEASURE;1.37242
mandelbrot3;clang++;O3;MEASURE;1.37732
mandelbrot3;clang++;O3;MEASURE;1.37227
mandelbrot3;clang++;O3;MEASURE;1.3725
mandelbrot3;clang++;O3;MEASURE;1.38346
mandelbrot3;clang++;O3;MEASURE;1.37216
mandelbrot3;clang++;O3;MEASURE;1.37254
mandelbrot3;clang++;O3;MEASURE;1.37536
mandelbrot3;clang++;O3;MEASURE;1.37257
mandelbrot3;clang++;O3;MEASURE;1.44513
mandelbrot3;clang++;O3;MEASURE;1.41888
mandelbrot3;clang++;O3;MEASURE;1.39883
mandelbrot3;clang++;O3;MEASURE;1.37338
mandelbrot3;clang++;O3;MEASURE;1.3823
mandelbrot3;clang++;O3;MEASURE;1.38518
mandelbrot3;clang++;O3;MEASURE;1.39122
mandelbrot3;clang++;O3;MEASURE;1.37223
mandelbrot3;clang++;O3;MEASURE;1.37323
mandelbrot3;clang++;O3;MEASURE;1.39406
mandelbrot3;clang++;O3;MEASURE;1.37802
mandelbrot3;clang++;O3;MEASURE;1.37231
mandelbrot3;clang++;O3;MEASURE;1.37929
mandelbrot3;clang++;O3;MEASURE;1.38424
mandelbrot3;clang++;O3;MEASURE;1.37558
mandelbrot3;clang++;O3;MEASURE;1.37252
mandelbrot3;clang++;O3;MEASURE;1.37284
mandelbrot3;clang++;O3;MEASURE;1.38161
mandelbrot3;clang++;O3;MEASURE;1.37269
mandelbrot3;clang++;O3;MEASURE;1.37234
mandelbrot3;clang++;O3;MEASURE;1.37251
mandelbrot3;clang++;O3;MEASURE;1.37259
mandelbrot3;clang++;O3;MEASURE;1.37619
mandelbrot3;clang++;O3;MEASURE;1.37254
mandelbrot3;clang++;O3;MEASURE;1.3725
mandelbrot3;clang++;O3;MEASURE;1.3723
mandelbrot3;clang++;O3;MEASURE;1.3727
mandelbrot3;clang++;O3;MEASURE;1.37317
mandelbrot3;clang++;O3;MEASURE;1.39112
mandelbrot3;clang++;O3;MEASURE;1.37243
mandelbrot1;g++;O2;MEASURE_DRAW;4.65603
mandelbrot1;g++;O2;MEASURE_DRAW;4.66426
mandelbrot1;g++;O2;MEASURE_DRAW;4.70125
mandelbrot1;g++;O2;MEASURE_DRAW;4.6434
mandelbrot1;g++;O2;MEASURE_DRAW;4.68804
mandelbrot1;g++;O2;MEASURE_DRAW;4.69692
mandelbrot1;g++;O2;MEASURE_DRAW;4.66818
mandelbrot1;g++;O2;MEASURE_DRAW;4.65963
mandelbrot1;g++;O2;MEASURE_DRAW;4.62088
mandelbrot1;g++;O2;MEASURE_DRAW;4.65243
mandelbrot1;g++;O2;MEASURE_DRAW;4.67982
mandelbrot1;g++;O2;MEASURE_DRAW;4.73839
mandelbrot1;g++;O2;MEASURE_DRAW;4.69478
mandelbrot1;g++;O2;MEASURE_DRAW;4.66662
mandelbrot1;g++;O2;MEASURE_DRAW;4.66879
mandelbrot1;g++;O2;MEASURE_DRAW;4.69002
mandelbrot1;g++;O2;MEASURE_DRAW;4.6818
mandelbrot1;g++;O2;MEASURE_DRAW;4.70304
mandelbrot1;g++;O2;MEASURE_DRAW;4.62526
mandelbrot1;g++;O2;MEASURE_DRAW;4.67436
mandelbrot1;g++;O2;MEASURE_DRAW;4.65039
mandelbrot1;g++;O2;MEASURE_DRAW;4.65525
mandelbrot1;g++;O2;MEASURE_DRAW;4.65483
mandelbrot1;g++;O2;MEASURE_DRAW;4.63854
mandelbrot1;g++;O2;MEASURE_DRAW;4.64155
mandelbrot1;g++;O2;MEASURE_DRAW;4.73198
mandelbrot1;g++;O2;MEASURE_DRAW;4.63667
mandelbrot1;g++;O2;MEASURE_DRAW;4.6685
mandelbrot1;g++;O2;MEASURE_DRAW;4.67
mandelbrot1;g++;O2;MEASURE_DRAW;4.73629
mandelbrot1;g++;O2;MEASURE_DRAW;4.66259
mandelbrot1;g++;O2;MEASURE_DRAW;4.69064
mandelbrot1;g++;O2;MEASURE_DRAW;4.65629
mandelbrot1;g++;O2;MEASURE_DRAW;4.68705
mandelbrot1;g++;O2;MEASURE_DRAW;4.75185
mandelbrot1;g++;O2;MEASURE_DRAW;4.67198
mandelbrot1;g++;O2;MEASURE_DRAW;4.68145
mandelbrot1;g++;O2;MEASURE_DRAW;4.68547
mandelbrot1;g++;O2;MEASURE_DRAW;4.65932
mandelbrot1;g++;O2;MEASURE_DRAW;4.64976
mandelbrot1;g++;O2;MEASURE_DRAW;4.65168
mandelbrot1;g++;O2;MEASURE_DRAW;4.67903
mandelbrot1;g++;O2;MEASURE_DRAW;4.68756
mandelbrot1;g++;O2;MEASURE_DRAW;4.65133
mandelbrot1;g++;O2;MEASURE_DRAW;4.65787
mandelbrot1;g++;O2;MEASURE_DRAW;4.63536
mandelbrot1;g++;O2;MEASURE_DRAW;4.64022
mandelbrot1;g++;O2;MEASURE_DRAW;4.64738
mandelbrot1;g++;O2;MEASURE_DRAW;4.6664
mandelbrot1;g++;O2;MEASURE_DRAW;4.66588
mandelbrot1;g++;O2;MEASURE_DRAW;4.65398
mandelbrot1;g++;O2;MEASURE_DRAW;4.69443
mandelbrot1;g++;O2;MEASURE_DRAW;4.66201
mandelbrot1;g++;O2;MEASURE_DRAW;4.72607
mandelbrot1;g++;O2;MEASURE_DRAW;4.68166
mandelbrot1;g++;O2;MEASURE_DRAW;4.66839
mandelbrot1;g++;O2;MEASURE_DRAW;4.65877
mandelbrot1;g++;O2;MEASURE_DRAW;4.63963
mandelbrot1;g++;O2;MEASURE_DRAW;4.65747
mandelbrot1;g++;O2;MEASURE_DRAW;4.64356
mandelbrot1;g++;O2;MEASURE_DRAW;4.63978
mandelbrot1;g++;O2;MEASURE_DRAW;4.64348
mandelbrot1;g++;O2;MEASURE_DRAW;4.66875
mandelbrot1;g++;O2;MEASURE_DRAW;4.65924
mandelbrot1;g++;O2;MEASURE_DRAW;4.70569
mandelbrot1;g++;O2;MEASURE_DRAW;4.6663
mandelbrot1;g++;O2;MEASURE_DRAW;4.66237
mandelbrot1;g++;O2;MEASURE_DRAW;4.66946
mandelbrot1;g++;O2;MEASURE_DRAW;4.64284
mandelbrot1;g++;O2;MEASURE_DRAW;4.65828
mandelbrot1;g++;O2;MEASURE_DRAW;4.67836
mandelbrot1;g++;O2;MEASURE_DRAW;4.6615
mandelbrot1;g++;O2;MEASURE_DRAW;4.66516
mandelbrot1;g++;O2;MEASURE_DRAW;4.65486
mandelbrot1;g++;O2;MEASURE_DRAW;4.63535
mandelbrot1;g++;O2;MEASURE_DRAW;4.65652
mandelbrot1;g++;O2;MEASURE_DRAW;4.66639
mandelbrot1;g++;O2;MEASURE_DRAW;4.68319
mandelbrot1;g++;O2;MEASURE_DRAW;4.69237
mandelbrot1;g++;O2;MEASURE_DRAW;4.66329
mandelbrot1;g++;O2;MEASURE_DRAW;4.70082
mandelbrot1;g++;O2;MEASURE_DRAW;4.65268
mandelbrot1;g++;O2;MEASURE_DRAW;4.66921
mandelbrot1;g++;O2;MEASURE_DRAW;4.68533
mandelbrot1;g++;O2;MEASURE_DRAW;4.67547
mandelbrot1;g++;O2;MEASURE_DRAW;4.66329
mandelbrot1;g++;O2;MEASURE_DRAW;4.62332
mandelbrot1;g++;O2;MEASURE_DRAW;4.64475
mandelbrot1;g++;O2;MEASURE_DRAW;4.69486
mandelbrot1;g++;O2;MEASURE_DRAW;4.63686
mandelbrot1;clang++;O2;MEASURE_DRAW;4.56801
mandelbrot1;clang++;O2;MEASURE_DRAW;4.57786
mandelbrot1;clang++;O2;MEASURE_DRAW;4.56353
mandelbrot1;clang++;O2;MEASURE_DRAW;4.58998
mandelbrot1;clang++;O2;MEASURE_DRAW;4.65886
mandelbrot1;clang++;O2;MEASURE_DRAW;4.58702
mandelbrot1;clang++;O2;MEASURE_DRAW;4.62974
mandelbrot1;clang++;O2;MEASURE_DRAW;4.63243
mandelbrot1;clang++;O2;MEASURE_DRAW;4.57942
mandelbrot1;clang++;O2;MEASURE_DRAW;4.66755
mandelbrot1;clang++;O2;MEASURE_DRAW;4.62568
mandelbrot1;clang++;O2;MEASURE_DRAW;4.6107
mandelbrot1;clang++;O2;MEASURE_DRAW;4.583
mandelbrot1;clang++;O2;MEASURE_DRAW;4.57979
mandelbrot1;clang++;O2;MEASURE_DRAW;4.58177
mandelbrot1;clang++;O2;MEASURE_DRAW;4.56798
mandelbrot1;clang++;O2;MEASURE_DRAW;4.57493
mandelbrot1;clang++;O2;MEASURE_DRAW;4.66743
mandelbrot1;clang++;O2;MEASURE_DRAW;4.59123
mandelbrot1;clang++;O2;MEASURE_DRAW;4.58038
mandelbrot1;clang++;O2;MEASURE_DRAW;4.60073
mandelbrot1;clang++;O2;MEASURE_DRAW;4.59984
mandelbrot1;clang++;O2;MEASURE_DRAW;4.60125
mandelbrot1;clang++;O2;MEASURE_DRAW;4.5963
mandelbrot1;clang++;O2;MEASURE_DRAW;4.61004
mandelbrot1;clang++;O2;MEASURE_DRAW;4.56627
mandelbrot1;clang++;O2;MEASURE_DRAW;4.58606
mandelbrot1;clang++;O2;MEASURE_DRAW;4.58074
mandelbrot1;clang++;O2;MEASURE_DRAW;4.56909
mandelbrot1;clang++;O2;MEASURE_DRAW;4.59536
mandelbrot1;clang++;O2;MEASURE_DRAW;4.59523
mandelbrot1;clang++;O2;MEASURE_DRAW;4.56519
mandelbrot1;clang++;O2;MEASURE_DRAW;4.57056
mandelbrot1;clang++;O2;MEASURE_DRAW;4.63835
mandelbrot1;clang++;O2;MEASURE_DRAW;4.61478
mandelbrot1;clang++;O2;MEASURE_DRAW;4.6153
mandelbrot1;clang++;O2;MEASURE_DRAW;4.59505
mandelbrot1;clang++;O2;MEASURE_DRAW;4.61574
mandelbrot1;clang++;O2;MEASURE_DRAW;4.60398
mandelbrot1;clang++;O2;MEASURE_DRAW;4.5751
mandelbrot1;clang++;O2;MEASURE_DRAW;4.58077
mandelbrot1;clang++;O2;MEASURE_DRAW;4.57911
mandelbrot1;clang++;O2;MEASURE_DRAW;4.56199
mandelbrot1;clang++;O2;MEASURE_DRAW;4.58596
mandelbrot1;clang++;O2;MEASURE_DRAW;4.59842
mandelbrot1;clang++;O2;MEASURE_DRAW;4.62742
mandelbrot1;clang++;O2;MEASURE_DRAW;4.60448
mandelbrot1;clang++;O2;MEASURE_DRAW;4.5848
mandelbrot1;clang++;O2;MEASURE_DRAW;4.5811
mandelbrot1;clang++;O2;MEASURE_DRAW;4.55661
mandelbrot1;clang++;O2;MEASURE_DRAW;4.61474
mandelbrot1;clang++;O2;MEASURE_DRAW;4.6044
mandelbrot1;clang++;O2;MEASURE_DRAW;4.58268
mandelbrot1;clang++;O2;MEASURE_DRAW;4.59526
mandelbrot1;clang++;O2;MEASURE_DRAW;4.57245
mandelbrot1;clang++;O2;MEASURE_DRAW;4.5693
mandelbrot1;clang++;O2;MEASURE_DRAW;4.589
mandelbrot1;clang++;O2;MEASURE_DRAW;4.58004
mandelbrot1;clang++;O2;MEASURE_DRAW;4.60636
mandelbrot1;clang++;O2;MEASURE_DRAW;4.60981
mandelbrot1;clang++;O2;MEASURE_DRAW;4.59861
mandelbrot1;clang++;O2;MEASURE_DRAW;4.65736
mandelbrot1;clang++;O2;MEASURE_DRAW;4.56525
mandelbrot1;clang++;O2;MEASURE_DRAW;4.59832
mandelbrot1;clang++;O2;MEASURE_DRAW;4.59995
mandelbrot1;clang++;O2;MEASURE_DRAW;4.63585
mandelbrot1;clang++;O2;MEASURE_DRAW;4.6034
mandelbrot1;clang++;O2;MEASURE_DRAW;4.60529
mandelbrot1;clang++;O2;MEASURE_DRAW;4.57379
mandelbrot1;clang++;O2;MEASURE_DRAW;4.60204
mandelbrot1;clang++;O2;MEASURE_DRAW;4.57609
mandelbrot1;clang++;O2;MEASURE_DRAW;4.5605
mandelbrot1;clang++;O2;MEASURE_DRAW;4.61712
mandelbrot1;clang++;O2;MEASURE_DRAW;4.61123
mandelbrot1;clang++;O2;MEASURE_DRAW;4.62904
mandelbrot1;clang++;O2;MEASURE_DRAW;4.59937
mandelbrot1;clang++;O2;MEASURE_DRAW;4.60633
mandelbrot1;clang++;O2;MEASURE_DRAW;4.61789
mandelbrot1;clang++;O2;MEASURE_DRAW;4.65836
mandelbrot1;clang++;O2;MEASURE_DRAW;4.62495
mandelbrot1;clang++;O2;MEASURE_DRAW;4.63506
mandelbrot1;clang++;O2;MEASURE_DRAW;4.59357
mandelbrot1;clang++;O2;MEASURE_DRAW;4.57597
mandelbrot1;clang++;O2;MEASURE_DRAW;4.57091
mandelbrot1;clang++;O2;MEASURE_DRAW;4.58104
mandelbrot1;clang++;O2;MEASURE_DRAW;4.57217
mandelbrot1;clang++;O2;MEASURE_DRAW;4.59507
mandelbrot1;clang++;O2;MEASURE_DRAW;4.63449
mandelbrot1;clang++;O2;MEASURE_DRAW;4.63449
mandelbrot1;clang++;O2;MEASURE_DRAW;4.58728
mandelbrot1;g++;O3;MEASURE_DRAW;4.68892
mandelbrot1;g++;O3;MEASURE_DRAW;4.65981
mandelbrot1;g++;O3;MEASURE_DRAW;4.65047
mandelbrot1;g++;O3;MEASURE_DRAW;4.62268
mandelbrot1;g++;O3;MEASURE_DRAW;4.62046
mandelbrot1;g++;O3;MEASURE_DRAW;4.64953
mandelbrot1;g++;O3;MEASURE_DRAW;4.65402
mandelbrot1;g++;O3;MEASURE_DRAW;4.65325
mandelbrot1;g++;O3;MEASURE_DRAW;4.67927
mandelbrot1;g++;O3;MEASURE_DRAW;4.65536
mandelbrot1;g++;O3;MEASURE_DRAW;4.63861
mandelbrot1;g++;O3;MEASURE_DRAW;4.67173
mandelbrot1;g++;O3;MEASURE_DRAW;4.6824
mandelbrot1;g++;O3;MEASURE_DRAW;4.70349
mandelbrot1;g++;O3;MEASURE_DRAW;4.63706
mandelbrot1;g++;O3;MEASURE_DRAW;4.63589
mandelbrot1;g++;O3;MEASURE_DRAW;4.61452
mandelbrot1;g++;O3;MEASURE_DRAW;4.64588
mandelbrot1;g++;O3;MEASURE_DRAW;4.68422
mandelbrot1;g++;O3;MEASURE_DRAW;4.6712
mandelbrot1;g++;O3;MEASURE_DRAW;4.68971
mandelbrot1;g++;O3;MEASURE_DRAW;4.66963
mandelbrot1;g++;O3;MEASURE_DRAW;4.6545
mandelbrot1;g++;O3;MEASURE_DRAW;4.68441
mandelbrot1;g++;O3;MEASURE_DRAW;4.69958
mandelbrot1;g++;O3;MEASURE_DRAW;4.65155
mandelbrot1;g++;O3;MEASURE_DRAW;4.64346
mandelbrot1;g++;O3;MEASURE_DRAW;4.65454
mandelbrot1;g++;O3;MEASURE_DRAW;4.66284
mandelbrot1;g++;O3;MEASURE_DRAW;4.6372
mandelbrot1;g++;O3;MEASURE_DRAW;4.64536
mandelbrot1;g++;O3;MEASURE_DRAW;4.65607
mandelbrot1;g++;O3;MEASURE_DRAW;4.69999
mandelbrot1;g++;O3;MEASURE_DRAW;4.6692
mandelbrot1;g++;O3;MEASURE_DRAW;4.67575
mandelbrot1;g++;O3;MEASURE_DRAW;4.65423
mandelbrot1;g++;O3;MEASURE_DRAW;4.68313
mandelbrot1;g++;O3;MEASURE_DRAW;4.64025
mandelbrot1;g++;O3;MEASURE_DRAW;4.67036
mandelbrot1;g++;O3;MEASURE_DRAW;4.67807
mandelbrot1;g++;O3;MEASURE_DRAW;4.6837
mandelbrot1;g++;O3;MEASURE_DRAW;4.63924
mandelbrot1;g++;O3;MEASURE_DRAW;4.65358
mandelbrot1;g++;O3;MEASURE_DRAW;4.6478
mandelbrot1;g++;O3;MEASURE_DRAW;4.64058
mandelbrot1;g++;O3;MEASURE_DRAW;4.66131
mandelbrot1;g++;O3;MEASURE_DRAW;4.69714
mandelbrot1;g++;O3;MEASURE_DRAW;4.65848
mandelbrot1;g++;O3;MEASURE_DRAW;4.70426
mandelbrot1;g++;O3;MEASURE_DRAW;4.66393
mandelbrot1;g++;O3;MEASURE_DRAW;4.68175
mandelbrot1;g++;O3;MEASURE_DRAW;4.66453
mandelbrot1;g++;O3;MEASURE_DRAW;4.65352
mandelbrot1;g++;O3;MEASURE_DRAW;4.66802
mandelbrot1;g++;O3;MEASURE_DRAW;4.66037
mandelbrot1;g++;O3;MEASURE_DRAW;4.65049
mandelbrot1;g++;O3;MEASURE_DRAW;4.63137
mandelbrot1;g++;O3;MEASURE_DRAW;4.66004
mandelbrot1;g++;O3;MEASURE_DRAW;4.683
mandelbrot1;g++;O3;MEASURE_DRAW;4.65094
mandelbrot1;g++;O3;MEASURE_DRAW;4.65476
mandelbrot1;g++;O3;MEASURE_DRAW;4.66831
mandelbrot1;g++;O3;MEASURE_DRAW;4.65887
mandelbrot1;g++;O3;MEASURE_DRAW;4.66213
mandelbrot1;g++;O3;MEASURE_DRAW;4.68887
mandelbrot1;g++;O3;MEASURE_DRAW;4.653
mandelbrot1;g++;O3;MEASURE_DRAW;4.6428
mandelbrot1;g++;O3;MEASURE_DRAW;4.66969
mandelbrot1;g++;O3;MEASURE_DRAW;4.66863
mandelbrot1;g++;O3;MEASURE_DRAW;4.63221
mandelbrot1;g++;O3;MEASURE_DRAW;4.65944
mandelbrot1;g++;O3;MEASURE_DRAW;4.65859
mandelbrot1;g++;O3;MEASURE_DRAW;4.68905
mandelbrot1;g++;O3;MEASURE_DRAW;4.66341
mandelbrot1;g++;O3;MEASURE_DRAW;4.6833
mandelbrot1;g++;O3;MEASURE_DRAW;4.69714
mandelbrot1;g++;O3;MEASURE_DRAW;4.70301
mandelbrot1;g++;O3;MEASURE_DRAW;4.6622
mandelbrot1;g++;O3;MEASURE_DRAW;4.69222
mandelbrot1;g++;O3;MEASURE_DRAW;4.65629
mandelbrot1;g++;O3;MEASURE_DRAW;4.67686
mandelbrot1;g++;O3;MEASURE_DRAW;4.66724
mandelbrot1;g++;O3;MEASURE_DRAW;4.66385
mandelbrot1;g++;O3;MEASURE_DRAW;4.68876
mandelbrot1;g++;O3;MEASURE_DRAW;4.63556
mandelbrot1;g++;O3;MEASURE_DRAW;4.68267
mandelbrot1;g++;O3;MEASURE_DRAW;4.68358
mandelbrot1;g++;O3;MEASURE_DRAW;4.69213
mandelbrot1;g++;O3;MEASURE_DRAW;4.67808
mandelbrot1;g++;O3;MEASURE_DRAW;4.68763
mandelbrot1;clang++;O3;MEASURE_DRAW;4.57324
mandelbrot1;clang++;O3;MEASURE_DRAW;4.57844
mandelbrot1;clang++;O3;MEASURE_DRAW;4.56996
mandelbrot1;clang++;O3;MEASURE_DRAW;4.56293
mandelbrot1;clang++;O3;MEASURE_DRAW;4.57973
mandelbrot1;clang++;O3;MEASURE_DRAW;4.59375
mandelbrot1;clang++;O3;MEASURE_DRAW;4.60036
mandelbrot1;clang++;O3;MEASURE_DRAW;4.62629
mandelbrot1;clang++;O3;MEASURE_DRAW;4.62161
mandelbrot1;clang++;O3;MEASURE_DRAW;4.59622
mandelbrot1;clang++;O3;MEASURE_DRAW;4.63375
mandelbrot1;clang++;O3;MEASURE_DRAW;4.59774
mandelbrot1;clang++;O3;MEASURE_DRAW;4.59501
mandelbrot1;clang++;O3;MEASURE_DRAW;4.56028
mandelbrot1;clang++;O3;MEASURE_DRAW;4.58543
mandelbrot1;clang++;O3;MEASURE_DRAW;4.55189
mandelbrot1;clang++;O3;MEASURE_DRAW;4.58914
mandelbrot1;clang++;O3;MEASURE_DRAW;4.5987
mandelbrot1;clang++;O3;MEASURE_DRAW;4.57637
mandelbrot1;clang++;O3;MEASURE_DRAW;4.58255
mandelbrot1;clang++;O3;MEASURE_DRAW;4.59084
mandelbrot1;clang++;O3;MEASURE_DRAW;4.59279
mandelbrot1;clang++;O3;MEASURE_DRAW;4.59158
mandelbrot1;clang++;O3;MEASURE_DRAW;4.5902
mandelbrot1;clang++;O3;MEASURE_DRAW;4.58618
mandelbrot1;clang++;O3;MEASURE_DRAW;4.58439
mandelbrot1;clang++;O3;MEASURE_DRAW;4.64838
mandelbrot1;clang++;O3;MEASURE_DRAW;4.61402
mandelbrot1;clang++;O3;MEASURE_DRAW;4.55884
mandelbrot1;clang++;O3;MEASURE_DRAW;4.60217
mandelbrot1;clang++;O3;MEASURE_DRAW;4.57535
mandelbrot1;clang++;O3;MEASURE_DRAW;4.59231
mandelbrot1;clang++;O3;MEASURE_DRAW;4.56693
mandelbrot1;clang++;O3;MEASURE_DRAW;4.60669
mandelbrot1;clang++;O3;MEASURE_DRAW;4.62174
mandelbrot1;clang++;O3;MEASURE_DRAW;4.61765
mandelbrot1;clang++;O3;MEASURE_DRAW;4.56729
mandelbrot1;clang++;O3;MEASURE_DRAW;4.59279
mandelbrot1;clang++;O3;MEASURE_DRAW;4.57461
mandelbrot1;clang++;O3;MEASURE_DRAW;4.57646
mandelbrot1;clang++;O3;MEASURE_DRAW;4.60148
mandelbrot1;clang++;O3;MEASURE_DRAW;4.62376
mandelbrot1;clang++;O3;MEASURE_DRAW;4.59981
mandelbrot1;clang++;O3;MEASURE_DRAW;4.57161
mandelbrot1;clang++;O3;MEASURE_DRAW;4.55114
mandelbrot1;clang++;O3;MEASURE_DRAW;4.56234
mandelbrot1;clang++;O3;MEASURE_DRAW;4.5651
mandelbrot1;clang++;O3;MEASURE_DRAW;4.59372
mandelbrot1;clang++;O3;MEASURE_DRAW;4.62714
mandelbrot1;clang++;O3;MEASURE_DRAW;4.5719
mandelbrot1;clang++;O3;MEASURE_DRAW;4.60127
mandelbrot1;clang++;O3;MEASURE_DRAW;4.59534
mandelbrot1;clang++;O3;MEASURE_DRAW;4.57502
mandelbrot1;clang++;O3;MEASURE_DRAW;4.60051
mandelbrot1;clang++;O3;MEASURE_DRAW;4.62999
mandelbrot1;clang++;O3;MEASURE_DRAW;4.59768
mandelbrot1;clang++;O3;MEASURE_DRAW;4.58067
mandelbrot1;clang++;O3;MEASURE_DRAW;4.56886
mandelbrot1;clang++;O3;MEASURE_DRAW;4.62539
mandelbrot1;clang++;O3;MEASURE_DRAW;4.59805
mandelbrot1;clang++;O3;MEASURE_DRAW;4.61847
mandelbrot1;clang++;O3;MEASURE_DRAW;4.60398
mandelbrot1;clang++;O3;MEASURE_DRAW;4.59909
mandelbrot1;clang++;O3;MEASURE_DRAW;4.59984
mandelbrot1;clang++;O3;MEASURE_DRAW;4.60133
mandelbrot1;clang++;O3;MEASURE_DRAW;4.61606
mandelbrot1;clang++;O3;MEASURE_DRAW;4.5777
mandelbrot1;clang++;O3;MEASURE_DRAW;4.62359
mandelbrot1;clang++;O3;MEASURE_DRAW;4.59667
mandelbrot1;clang++;O3;MEASURE_DRAW;4.59733
mandelbrot1;clang++;O3;MEASURE_DRAW;4.59798
mandelbrot1;clang++;O3;MEASURE_DRAW;4.57602
mandelbrot1;clang++;O3;MEASURE_DRAW;4.57671
mandelbrot1;clang++;O3;MEASURE_DRAW;4.57335
mandelbrot1;clang++;O3;MEASURE_DRAW;4.57756
mandelbrot1;clang++;O3;MEASURE_DRAW;4.63551
mandelbrot1;clang++;O3;MEASURE_DRAW;4.58656
mandelbrot1;clang++;O3;MEASURE_DRAW;4.62749
mandelbrot1;clang++;O3;MEASURE_DRAW;4.60437
mandelbrot1;clang++;O3;MEASURE_DRAW;4.61223
mandelbrot1;clang++;O3;MEASURE_DRAW;4.61917
mandelbrot1;clang++;O3;MEASURE_DRAW;4.60901
mandelbrot1;clang++;O3;MEASURE_DRAW;4.60126
mandelbrot1;clang++;O3;MEASURE_DRAW;4.56473
mandelbrot1;clang++;O3;MEASURE_DRAW;4.61505
mandelbrot1;clang++;O3;MEASURE_DRAW;4.60059
mandelbrot1;clang++;O3;MEASURE_DRAW;4.59574
mandelbrot1;clang++;O3;MEASURE_DRAW;4.60717
mandelbrot1;clang++;O3;MEASURE_DRAW;4.6101
mandelbrot1;clang++;O3;MEASURE_DRAW;4.60697
mandelbrot2;g++;O2;MEASURE_DRAW;1.91931
mandelbrot2;g++;O2;MEASURE_DRAW;1.92776
mandelbrot2;g++;O2;MEASURE_DRAW;1.9029
mandelbrot2;g++;O2;MEASURE_DRAW;1.90612
mandelbrot2;g++;O2;MEASURE_DRAW;1.90668
mandelbrot2;g++;O2;MEASURE_DRAW;1.93179
mandelbrot2;g++;O2;MEASURE_DRAW;1.90884
mandelbrot2;g++;O2;MEASURE_DRAW;1.91242
mandelbrot2;g++;O2;MEASURE_DRAW;1.96578
mandelbrot2;g++;O2;MEASURE_DRAW;1.91494
mandelbrot2;g++;O2;MEASURE_DRAW;1.93325
mandelbrot2;g++;O2;MEASURE_DRAW;1.94053
mandelbrot2;g++;O2;MEASURE_DRAW;1.94269
mandelbrot2;g++;O2;MEASURE_DRAW;1.92954
mandelbrot2;g++;O2;MEASURE_DRAW;1.92042
mandelbrot2;g++;O2;MEASURE_DRAW;1.91632
mandelbrot2;g++;O2;MEASURE_DRAW;1.8882
mandelbrot2;g++;O2;MEASURE_DRAW;1.8894
mandelbrot2;g++;O2;MEASURE_DRAW;1.89806
mandelbrot2;g++;O2;MEASURE_DRAW;1.92492
mandelbrot2;g++;O2;MEASURE_DRAW;1.89473
mandelbrot2;g++;O2;MEASURE_DRAW;1.93184
mandelbrot2;g++;O2;MEASURE_DRAW;1.90158
mandelbrot2;g++;O2;MEASURE_DRAW;1.93066
mandelbrot2;g++;O2;MEASURE_DRAW;1.90712
mandelbrot2;g++;O2;MEASURE_DRAW;1.92263
mandelbrot2;g++;O2;MEASURE_DRAW;1.91574
mandelbrot2;g++;O2;MEASURE_DRAW;1.90278
mandelbrot2;g++;O2;MEASURE_DRAW;1.91732
mandelbrot2;g++;O2;MEASURE_DRAW;1.90255
mandelbrot2;g++;O2;MEASURE_DRAW;1.91014
mandelbrot2;g++;O2;MEASURE_DRAW;1.91442
mandelbrot2;g++;O2;MEASURE_DRAW;1.95768
mandelbrot2;g++;O2;MEASURE_DRAW;1.90706
mandelbrot2;g++;O2;MEASURE_DRAW;1.92499
mandelbrot2;g++;O2;MEASURE_DRAW;1.95575
mandelbrot2;g++;O2;MEASURE_DRAW;1.93662
mandelbrot2;g++;O2;MEASURE_DRAW;1.91359
mandelbrot2;g++;O2;MEASURE_DRAW;1.95278
mandelbrot2;g++;O2;MEASURE_DRAW;1.94445
mandelbrot2;g++;O2;MEASURE_DRAW;1.9087
mandelbrot2;g++;O2;MEASURE_DRAW;1.90807
mandelbrot2;g++;O2;MEASURE_DRAW;1.92042
mandelbrot2;g++;O2;MEASURE_DRAW;1.92231
mandelbrot2;g++;O2;MEASURE_DRAW;1.92373
mandelbrot2;g++;O2;MEASURE_DRAW;1.93676
mandelbrot2;g++;O2;MEASURE_DRAW;1.91646
mandelbrot2;g++;O2;MEASURE_DRAW;1.90652
mandelbrot2;g++;O2;MEASURE_DRAW;1.91811
mandelbrot2;g++;O2;MEASURE_DRAW;1.90771
mandelbrot2;g++;O2;MEASURE_DRAW;1.92404
mandelbrot2;g++;O2;MEASURE_DRAW;1.90664
mandelbrot2;g++;O2;MEASURE_DRAW;1.92987
mandelbrot2;g++;O2;MEASURE_DRAW;1.89755
mandelbrot2;g++;O2;MEASURE_DRAW;1.91738
mandelbrot2;g++;O2;MEASURE_DRAW;1.91619
mandelbrot2;g++;O2;MEASURE_DRAW;1.91993
mandelbrot2;g++;O2;MEASURE_DRAW;1.93689
mandelbrot2;g++;O2;MEASURE_DRAW;1.92095
mandelbrot2;g++;O2;MEASURE_DRAW;1.93178
mandelbrot2;g++;O2;MEASURE_DRAW;1.91874
mandelbrot2;g++;O2;MEASURE_DRAW;1.90585
mandelbrot2;g++;O2;MEASURE_DRAW;1.89813
mandelbrot2;g++;O2;MEASURE_DRAW;1.89077
mandelbrot2;g++;O2;MEASURE_DRAW;1.90664
mandelbrot2;g++;O2;MEASURE_DRAW;1.9146
mandelbrot2;g++;O2;MEASURE_DRAW;1.92335
mandelbrot2;g++;O2;MEASURE_DRAW;1.93045
mandelbrot2;g++;O2;MEASURE_DRAW;1.922
mandelbrot2;g++;O2;MEASURE_DRAW;1.95464
mandelbrot2;g++;O2;MEASURE_DRAW;1.92792
mandelbrot2;g++;O2;MEASURE_DRAW;1.92337
mandelbrot2;g++;O2;MEASURE_DRAW;1.94301
mandelbrot2;g++;O2;MEASURE_DRAW;1.92897
mandelbrot2;g++;O2;MEASURE_DRAW;1.89528
mandelbrot2;g++;O2;MEASURE_DRAW;1.93339
mandelbrot2;g++;O2;MEASURE_DRAW;1.90714
mandelbrot2;g++;O2;MEASURE_DRAW;1.91612
mandelbrot2;g++;O2;MEASURE_DRAW;1.90311
mandelbrot2;g++;O2;MEASURE_DRAW;1.94194
mandelbrot2;g++;O2;MEASURE_DRAW;1.96343
mandelbrot2;g++;O2;MEASURE_DRAW;1.91148
mandelbrot2;g++;O2;MEASURE_DRAW;1.89197
mandelbrot2;g++;O2;MEASURE_DRAW;1.91422
mandelbrot2;g++;O2;MEASURE_DRAW;1.94729
mandelbrot2;g++;O2;MEASURE_DRAW;1.89465
mandelbrot2;g++;O2;MEASURE_DRAW;1.91113
mandelbrot2;g++;O2;MEASURE_DRAW;1.92335
mandelbrot2;g++;O2;MEASURE_DRAW;1.90927
mandelbrot2;g++;O2;MEASURE_DRAW;1.91209
mandelbrot2;clang++;O2;MEASURE_DRAW;1.74104
mandelbrot2;clang++;O2;MEASURE_DRAW;1.73555
mandelbrot2;clang++;O2;MEASURE_DRAW;1.73495
mandelbrot2;clang++;O2;MEASURE_DRAW;1.7355
mandelbrot2;clang++;O2;MEASURE_DRAW;1.74521
mandelbrot2;clang++;O2;MEASURE_DRAW;1.75506
mandelbrot2;clang++;O2;MEASURE_DRAW;1.7482
mandelbrot2;clang++;O2;MEASURE_DRAW;1.77763
mandelbrot2;clang++;O2;MEASURE_DRAW;1.74571
mandelbrot2;clang++;O2;MEASURE_DRAW;1.7734
mandelbrot2;clang++;O2;MEASURE_DRAW;1.74763
mandelbrot2;clang++;O2;MEASURE_DRAW;1.74865
mandelbrot2;clang++;O2;MEASURE_DRAW;1.75465
mandelbrot2;clang++;O2;MEASURE_DRAW;1.78034
mandelbrot2;clang++;O2;MEASURE_DRAW;1.79114
mandelbrot2;clang++;O2;MEASURE_DRAW;1.75333
mandelbrot2;clang++;O2;MEASURE_DRAW;1.78235
mandelbrot2;clang++;O2;MEASURE_DRAW;1.73424
mandelbrot2;clang++;O2;MEASURE_DRAW;1.77111
mandelbrot2;clang++;O2;MEASURE_DRAW;1.75099
mandelbrot2;clang++;O2;MEASURE_DRAW;1.74337
mandelbrot2;clang++;O2;MEASURE_DRAW;1.75812
mandelbrot2;clang++;O2;MEASURE_DRAW;1.74652
mandelbrot2;clang++;O2;MEASURE_DRAW;1.7672
mandelbrot2;clang++;O2;MEASURE_DRAW;1.77566
mandelbrot2;clang++;O2;MEASURE_DRAW;1.73886
mandelbrot2;clang++;O2;MEASURE_DRAW;1.73423
mandelbrot2;clang++;O2;MEASURE_DRAW;1.78035
mandelbrot2;clang++;O2;MEASURE_DRAW;1.73662
mandelbrot2;clang++;O2;MEASURE_DRAW;1.75065
mandelbrot2;clang++;O2;MEASURE_DRAW;1.77932
mandelbrot2;clang++;O2;MEASURE_DRAW;1.75714
mandelbrot2;clang++;O2;MEASURE_DRAW;1.76586
mandelbrot2;clang++;O2;MEASURE_DRAW;1.78429
mandelbrot2;clang++;O2;MEASURE_DRAW;1.7706
mandelbrot2;clang++;O2;MEASURE_DRAW;1.73245
mandelbrot2;clang++;O2;MEASURE_DRAW;1.72383
mandelbrot2;clang++;O2;MEASURE_DRAW;1.76697
mandelbrot2;clang++;O2;MEASURE_DRAW;1.76862
mandelbrot2;clang++;O2;MEASURE_DRAW;1.76716
mandelbrot2;clang++;O2;MEASURE_DRAW;1.75758
mandelbrot2;clang++;O2;MEASURE_DRAW;1.75506
mandelbrot2;clang++;O2;MEASURE_DRAW;1.78449
mandelbrot2;clang++;O2;MEASURE_DRAW;1.75587
mandelbrot2;clang++;O2;MEASURE_DRAW;1.74146
mandelbrot2;clang++;O2;MEASURE_DRAW;1.77465
mandelbrot2;clang++;O2;MEASURE_DRAW;1.73795
mandelbrot2;clang++;O2;MEASURE_DRAW;1.75319
mandelbrot2;clang++;O2;MEASURE_DRAW;1.73276
mandelbrot2;clang++;O2;MEASURE_DRAW;1.76339
mandelbrot2;clang++;O2;MEASURE_DRAW;1.76303
mandelbrot2;clang++;O2;MEASURE_DRAW;1.74562
mandelbrot2;clang++;O2;MEASURE_DRAW;1.72158
mandelbrot2;clang++;O2;MEASURE_DRAW;1.74478
mandelbrot2;clang++;O2;MEASURE_DRAW;1.74705
mandelbrot2;clang++;O2;MEASURE_DRAW;1.73067
mandelbrot2;clang++;O2;MEASURE_DRAW;1.75968
mandelbrot2;clang++;O2;MEASURE_DRAW;1.7585
mandelbrot2;clang++;O2;MEASURE_DRAW;1.75916
mandelbrot2;clang++;O2;MEASURE_DRAW;1.73361
mandelbrot2;clang++;O2;MEASURE_DRAW;1.75322
mandelbrot2;clang++;O2;MEASURE_DRAW;1.76627
mandelbrot2;clang++;O2;MEASURE_DRAW;1.78929
mandelbrot2;clang++;O2;MEASURE_DRAW;1.7686
mandelbrot2;clang++;O2;MEASURE_DRAW;1.7544
mandelbrot2;clang++;O2;MEASURE_DRAW;1.77771
mandelbrot2;clang++;O2;MEASURE_DRAW;1.72978
mandelbrot2;clang++;O2;MEASURE_DRAW;1.75596
mandelbrot2;clang++;O2;MEASURE_DRAW;1.76547
mandelbrot2;clang++;O2;MEASURE_DRAW;1.7767
mandelbrot2;clang++;O2;MEASURE_DRAW;1.81376
mandelbrot2;clang++;O2;MEASURE_DRAW;1.81213
mandelbrot2;clang++;O2;MEASURE_DRAW;1.81401
mandelbrot2;clang++;O2;MEASURE_DRAW;1.81439
mandelbrot2;clang++;O2;MEASURE_DRAW;1.79208
mandelbrot2;clang++;O2;MEASURE_DRAW;1.76444
mandelbrot2;clang++;O2;MEASURE_DRAW;1.75342
mandelbrot2;clang++;O2;MEASURE_DRAW;1.75323
mandelbrot2;clang++;O2;MEASURE_DRAW;1.76006
mandelbrot2;clang++;O2;MEASURE_DRAW;1.76386
mandelbrot2;clang++;O2;MEASURE_DRAW;1.75164
mandelbrot2;clang++;O2;MEASURE_DRAW;1.76777
mandelbrot2;clang++;O2;MEASURE_DRAW;1.82376
mandelbrot2;clang++;O2;MEASURE_DRAW;1.76237
mandelbrot2;clang++;O2;MEASURE_DRAW;1.73322
mandelbrot2;clang++;O2;MEASURE_DRAW;1.7544
mandelbrot2;clang++;O2;MEASURE_DRAW;1.75003
mandelbrot2;clang++;O2;MEASURE_DRAW;1.73849
mandelbrot2;clang++;O2;MEASURE_DRAW;1.75487
mandelbrot2;clang++;O2;MEASURE_DRAW;1.79761
mandelbrot2;g++;O3;MEASURE_DRAW;2.42037
mandelbrot2;g++;O3;MEASURE_DRAW;2.42393
mandelbrot2;g++;O3;MEASURE_DRAW;2.4445
mandelbrot2;g++;O3;MEASURE_DRAW;2.39851
mandelbrot2;g++;O3;MEASURE_DRAW;2.41433
mandelbrot2;g++;O3;MEASURE_DRAW;2.4134
mandelbrot2;g++;O3;MEASURE_DRAW;2.45351
mandelbrot2;g++;O3;MEASURE_DRAW;2.39812
mandelbrot2;g++;O3;MEASURE_DRAW;2.37721
mandelbrot2;g++;O3;MEASURE_DRAW;2.3996
mandelbrot2;g++;O3;MEASURE_DRAW;2.39713
mandelbrot2;g++;O3;MEASURE_DRAW;2.38313
mandelbrot2;g++;O3;MEASURE_DRAW;2.40339
mandelbrot2;g++;O3;MEASURE_DRAW;2.3752
mandelbrot2;g++;O3;MEASURE_DRAW;2.39024
mandelbrot2;g++;O3;MEASURE_DRAW;2.42029
mandelbrot2;g++;O3;MEASURE_DRAW;2.40231
mandelbrot2;g++;O3;MEASURE_DRAW;2.40782
mandelbrot2;g++;O3;MEASURE_DRAW;2.41975
mandelbrot2;g++;O3;MEASURE_DRAW;2.4234
mandelbrot2;g++;O3;MEASURE_DRAW;2.43536
mandelbrot2;g++;O3;MEASURE_DRAW;2.40552
mandelbrot2;g++;O3;MEASURE_DRAW;2.41109
mandelbrot2;g++;O3;MEASURE_DRAW;2.39045
mandelbrot2;g++;O3;MEASURE_DRAW;2.46161
mandelbrot2;g++;O3;MEASURE_DRAW;2.41607
mandelbrot2;g++;O3;MEASURE_DRAW;2.42674
mandelbrot2;g++;O3;MEASURE_DRAW;2.41456
mandelbrot2;g++;O3;MEASURE_DRAW;2.3793
mandelbrot2;g++;O3;MEASURE_DRAW;2.40752
mandelbrot2;g++;O3;MEASURE_DRAW;2.41622
mandelbrot2;g++;O3;MEASURE_DRAW;2.39168
mandelbrot2;g++;O3;MEASURE_DRAW;2.43399
mandelbrot2;g++;O3;MEASURE_DRAW;2.45043
mandelbrot2;g++;O3;MEASURE_DRAW;2.40355
mandelbrot2;g++;O3;MEASURE_DRAW;2.42784
mandelbrot2;g++;O3;MEASURE_DRAW;2.39381
mandelbrot2;g++;O3;MEASURE_DRAW;2.46274
mandelbrot2;g++;O3;MEASURE_DRAW;2.43316
mandelbrot2;g++;O3;MEASURE_DRAW;2.40494
mandelbrot2;g++;O3;MEASURE_DRAW;2.4024
mandelbrot2;g++;O3;MEASURE_DRAW;2.41115
mandelbrot2;g++;O3;MEASURE_DRAW;2.49677
mandelbrot2;g++;O3;MEASURE_DRAW;2.40021
mandelbrot2;g++;O3;MEASURE_DRAW;2.41636
mandelbrot2;g++;O3;MEASURE_DRAW;2.42224
mandelbrot2;g++;O3;MEASURE_DRAW;2.37968
mandelbrot2;g++;O3;MEASURE_DRAW;2.40468
mandelbrot2;g++;O3;MEASURE_DRAW;2.39947
mandelbrot2;g++;O3;MEASURE_DRAW;2.43233
mandelbrot2;g++;O3;MEASURE_DRAW;2.41912
mandelbrot2;g++;O3;MEASURE_DRAW;2.39426
mandelbrot2;g++;O3;MEASURE_DRAW;2.42188
mandelbrot2;g++;O3;MEASURE_DRAW;2.41998
mandelbrot2;g++;O3;MEASURE_DRAW;2.41794
mandelbrot2;g++;O3;MEASURE_DRAW;2.40313
mandelbrot2;g++;O3;MEASURE_DRAW;2.37824
mandelbrot2;g++;O3;MEASURE_DRAW;2.41772
mandelbrot2;g++;O3;MEASURE_DRAW;2.44532
mandelbrot2;g++;O3;MEASURE_DRAW;2.39213
mandelbrot2;g++;O3;MEASURE_DRAW;2.42348
mandelbrot2;g++;O3;MEASURE_DRAW;2.38697
mandelbrot2;g++;O3;MEASURE_DRAW;2.42703
mandelbrot2;g++;O3;MEASURE_DRAW;2.41509
mandelbrot2;g++;O3;MEASURE_DRAW;2.45377
mandelbrot2;g++;O3;MEASURE_DRAW;2.38647
mandelbrot2;g++;O3;MEASURE_DRAW;2.39196
mandelbrot2;g++;O3;MEASURE_DRAW;2.4455
mandelbrot2;g++;O3;MEASURE_DRAW;2.3924
mandelbrot2;g++;O3;MEASURE_DRAW;2.42315
mandelbrot2;g++;O3;MEASURE_DRAW;2.40248
mandelbrot2;g++;O3;MEASURE_DRAW;2.40105
mandelbrot2;g++;O3;MEASURE_DRAW;2.38689
mandelbrot2;g++;O3;MEASURE_DRAW;2.41648
mandelbrot2;g++;O3;MEASURE_DRAW;2.40139
mandelbrot2;g++;O3;MEASURE_DRAW;2.42499
mandelbrot2;g++;O3;MEASURE_DRAW;2.40772
mandelbrot2;g++;O3;MEASURE_DRAW;2.40702
mandelbrot2;g++;O3;MEASURE_DRAW;2.38282
mandelbrot2;g++;O3;MEASURE_DRAW;2.43529
mandelbrot2;g++;O3;MEASURE_DRAW;2.37318
mandelbrot2;g++;O3;MEASURE_DRAW;2.38722
mandelbrot2;g++;O3;MEASURE_DRAW;2.40481
mandelbrot2;g++;O3;MEASURE_DRAW;2.39099
mandelbrot2;g++;O3;MEASURE_DRAW;2.39578
mandelbrot2;g++;O3;MEASURE_DRAW;2.39033
mandelbrot2;g++;O3;MEASURE_DRAW;2.39797
mandelbrot2;g++;O3;MEASURE_DRAW;2.40368
mandelbrot2;g++;O3;MEASURE_DRAW;2.41508
mandelbrot2;g++;O3;MEASURE_DRAW;2.4084
mandelbrot2;clang++;O3;MEASURE_DRAW;1.75447
mandelbrot2;clang++;O3;MEASURE_DRAW;1.76196
mandelbrot2;clang++;O3;MEASURE_DRAW;1.78089
mandelbrot2;clang++;O3;MEASURE_DRAW;1.75576
mandelbrot2;clang++;O3;MEASURE_DRAW;1.76922
mandelbrot2;clang++;O3;MEASURE_DRAW;1.75232
mandelbrot2;clang++;O3;MEASURE_DRAW;1.78668
mandelbrot2;clang++;O3;MEASURE_DRAW;1.74081
mandelbrot2;clang++;O3;MEASURE_DRAW;1.75299
mandelbrot2;clang++;O3;MEASURE_DRAW;1.76109
mandelbrot2;clang++;O3;MEASURE_DRAW;1.75175
mandelbrot2;clang++;O3;MEASURE_DRAW;1.75257
mandelbrot2;clang++;O3;MEASURE_DRAW;1.78501
mandelbrot2;clang++;O3;MEASURE_DRAW;1.77937
mandelbrot2;clang++;O3;MEASURE_DRAW;1.7552
mandelbrot2;clang++;O3;MEASURE_DRAW;1.76487
mandelbrot2;clang++;O3;MEASURE_DRAW;1.73108
mandelbrot2;clang++;O3;MEASURE_DRAW;1.74827
mandelbrot2;clang++;O3;MEASURE_DRAW;1.76441
mandelbrot2;clang++;O3;MEASURE_DRAW;1.75656
mandelbrot2;clang++;O3;MEASURE_DRAW;1.73848
mandelbrot2;clang++;O3;MEASURE_DRAW;1.74432
mandelbrot2;clang++;O3;MEASURE_DRAW;1.74898
mandelbrot2;clang++;O3;MEASURE_DRAW;1.75796
mandelbrot2;clang++;O3;MEASURE_DRAW;1.73183
mandelbrot2;clang++;O3;MEASURE_DRAW;1.73629
mandelbrot2;clang++;O3;MEASURE_DRAW;1.75739
mandelbrot2;clang++;O3;MEASURE_DRAW;1.74642
mandelbrot2;clang++;O3;MEASURE_DRAW;1.7329
mandelbrot2;clang++;O3;MEASURE_DRAW;1.74956
mandelbrot2;clang++;O3;MEASURE_DRAW;1.76079
mandelbrot2;clang++;O3;MEASURE_DRAW;1.74581
mandelbrot2;clang++;O3;MEASURE_DRAW;1.7393
mandelbrot2;clang++;O3;MEASURE_DRAW;1.76413
mandelbrot2;clang++;O3;MEASURE_DRAW;1.76636
mandelbrot2;clang++;O3;MEASURE_DRAW;1.74027
mandelbrot2;clang++;O3;MEASURE_DRAW;1.77056
mandelbrot2;clang++;O3;MEASURE_DRAW;1.78394
mandelbrot2;clang++;O3;MEASURE_DRAW;1.75023
mandelbrot2;clang++;O3;MEASURE_DRAW;1.75256
mandelbrot2;clang++;O3;MEASURE_DRAW;1.76688
mandelbrot2;clang++;O3;MEASURE_DRAW;1.74605
mandelbrot2;clang++;O3;MEASURE_DRAW;1.762
mandelbrot2;clang++;O3;MEASURE_DRAW;1.77401
mandelbrot2;clang++;O3;MEASURE_DRAW;1.73054
mandelbrot2;clang++;O3;MEASURE_DRAW;1.73568
mandelbrot2;clang++;O3;MEASURE_DRAW;1.75351
mandelbrot2;clang++;O3;MEASURE_DRAW;1.76208
mandelbrot2;clang++;O3;MEASURE_DRAW;1.76244
mandelbrot2;clang++;O3;MEASURE_DRAW;1.73622
mandelbrot2;clang++;O3;MEASURE_DRAW;1.74856
mandelbrot2;clang++;O3;MEASURE_DRAW;1.74195
mandelbrot2;clang++;O3;MEASURE_DRAW;1.79767
mandelbrot2;clang++;O3;MEASURE_DRAW;1.75964
mandelbrot2;clang++;O3;MEASURE_DRAW;1.74564
mandelbrot2;clang++;O3;MEASURE_DRAW;1.73393
mandelbrot2;clang++;O3;MEASURE_DRAW;1.72369
mandelbrot2;clang++;O3;MEASURE_DRAW;1.7305
mandelbrot2;clang++;O3;MEASURE_DRAW;1.75602
mandelbrot2;clang++;O3;MEASURE_DRAW;1.76918
mandelbrot2;clang++;O3;MEASURE_DRAW;1.75024
mandelbrot2;clang++;O3;MEASURE_DRAW;1.75718
mandelbrot2;clang++;O3;MEASURE_DRAW;1.75437
mandelbrot2;clang++;O3;MEASURE_DRAW;1.75673
mandelbrot2;clang++;O3;MEASURE_DRAW;1.77123
mandelbrot2;clang++;O3;MEASURE_DRAW;1.73689
mandelbrot2;clang++;O3;MEASURE_DRAW;1.76421
mandelbrot2;clang++;O3;MEASURE_DRAW;1.74693
mandelbrot2;clang++;O3;MEASURE_DRAW;1.73356
mandelbrot2;clang++;O3;MEASURE_DRAW;1.76978
mandelbrot2;clang++;O3;MEASURE_DRAW;1.73638
mandelbrot2;clang++;O3;MEASURE_DRAW;1.76053
mandelbrot2;clang++;O3;MEASURE_DRAW;1.75195
mandelbrot2;clang++;O3;MEASURE_DRAW;1.77569
mandelbrot2;clang++;O3;MEASURE_DRAW;1.76913
mandelbrot2;clang++;O3;MEASURE_DRAW;1.77994
mandelbrot2;clang++;O3;MEASURE_DRAW;1.7728
mandelbrot2;clang++;O3;MEASURE_DRAW;1.75488
mandelbrot2;clang++;O3;MEASURE_DRAW;1.75311
mandelbrot2;clang++;O3;MEASURE_DRAW;1.76751
mandelbrot2;clang++;O3;MEASURE_DRAW;1.76309
mandelbrot2;clang++;O3;MEASURE_DRAW;1.81342
mandelbrot2;clang++;O3;MEASURE_DRAW;1.78217
mandelbrot2;clang++;O3;MEASURE_DRAW;1.76213
mandelbrot2;clang++;O3;MEASURE_DRAW;1.76243
mandelbrot2;clang++;O3;MEASURE_DRAW;1.76911
mandelbrot2;clang++;O3;MEASURE_DRAW;1.78279
mandelbrot2;clang++;O3;MEASURE_DRAW;1.74897
mandelbrot2;clang++;O3;MEASURE_DRAW;1.7907
mandelbrot2;clang++;O3;MEASURE_DRAW;1.76785
mandelbrot3;g++;O2;MEASURE_DRAW;1.48025
mandelbrot3;g++;O2;MEASURE_DRAW;1.50903
mandelbrot3;g++;O2;MEASURE_DRAW;1.49082
mandelbrot3;g++;O2;MEASURE_DRAW;1.46038
mandelbrot3;g++;O2;MEASURE_DRAW;1.49896
mandelbrot3;g++;O2;MEASURE_DRAW;1.49786
mandelbrot3;g++;O2;MEASURE_DRAW;1.53692
mandelbrot3;g++;O2;MEASURE_DRAW;1.48167
mandelbrot3;g++;O2;MEASURE_DRAW;1.48824
mandelbrot3;g++;O2;MEASURE_DRAW;1.50391
mandelbrot3;g++;O2;MEASURE_DRAW;1.49438
mandelbrot3;g++;O2;MEASURE_DRAW;1.46673
mandelbrot3;g++;O2;MEASURE_DRAW;1.53007
mandelbrot3;g++;O2;MEASURE_DRAW;1.50117
mandelbrot3;g++;O2;MEASURE_DRAW;1.55196
mandelbrot3;g++;O2;MEASURE_DRAW;1.47034
mandelbrot3;g++;O2;MEASURE_DRAW;1.47526
mandelbrot3;g++;O2;MEASURE_DRAW;1.50581
mandelbrot3;g++;O2;MEASURE_DRAW;1.49122
mandelbrot3;g++;O2;MEASURE_DRAW;1.44947
mandelbrot3;g++;O2;MEASURE_DRAW;1.45524
mandelbrot3;g++;O2;MEASURE_DRAW;1.46081
mandelbrot3;g++;O2;MEASURE_DRAW;1.48419
mandelbrot3;g++;O2;MEASURE_DRAW;1.46392
mandelbrot3;g++;O2;MEASURE_DRAW;1.47056
mandelbrot3;g++;O2;MEASURE_DRAW;1.48725
mandelbrot3;g++;O2;MEASURE_DRAW;1.47928
mandelbrot3;g++;O2;MEASURE_DRAW;1.44896
mandelbrot3;g++;O2;MEASURE_DRAW;1.47199
mandelbrot3;g++;O2;MEASURE_DRAW;1.4663
mandelbrot3;g++;O2;MEASURE_DRAW;1.50074
mandelbrot3;g++;O2;MEASURE_DRAW;1.45818
mandelbrot3;g++;O2;MEASURE_DRAW;1.4557
mandelbrot3;g++;O2;MEASURE_DRAW;1.47556
mandelbrot3;g++;O2;MEASURE_DRAW;1.4849
mandelbrot3;g++;O2;MEASURE_DRAW;1.47626
mandelbrot3;g++;O2;MEASURE_DRAW;1.46308
mandelbrot3;g++;O2;MEASURE_DRAW;1.48629
mandelbrot3;g++;O2;MEASURE_DRAW;1.49064
mandelbrot3;g++;O2;MEASURE_DRAW;1.45546
mandelbrot3;g++;O2;MEASURE_DRAW;1.46478
mandelbrot3;g++;O2;MEASURE_DRAW;1.4991
mandelbrot3;g++;O2;MEASURE_DRAW;1.48758
mandelbrot3;g++;O2;MEASURE_DRAW;1.45381
mandelbrot3;g++;O2;MEASURE_DRAW;1.46374
mandelbrot3;g++;O2;MEASURE_DRAW;1.50742
mandelbrot3;g++;O2;MEASURE_DRAW;1.46107
mandelbrot3;g++;O2;MEASURE_DRAW;1.46298
mandelbrot3;g++;O2;MEASURE_DRAW;1.48573
mandelbrot3;g++;O2;MEASURE_DRAW;1.49503
mandelbrot3;g++;O2;MEASURE_DRAW;1.46714
mandelbrot3;g++;O2;MEASURE_DRAW;1.47862
mandelbrot3;g++;O2;MEASURE_DRAW;1.47708
mandelbrot3;g++;O2;MEASURE_DRAW;1.49637
mandelbrot3;g++;O2;MEASURE_DRAW;1.46253
mandelbrot3;g++;O2;MEASURE_DRAW;1.44395
mandelbrot3;g++;O2;MEASURE_DRAW;1.48514
mandelbrot3;g++;O2;MEASURE_DRAW;1.49698
mandelbrot3;g++;O2;MEASURE_DRAW;1.45822
mandelbrot3;g++;O2;MEASURE_DRAW;1.49219
mandelbrot3;g++;O2;MEASURE_DRAW;1.48434
mandelbrot3;g++;O2;MEASURE_DRAW;1.45542
mandelbrot3;g++;O2;MEASURE_DRAW;1.46755
mandelbrot3;g++;O2;MEASURE_DRAW;1.47738
mandelbrot3;g++;O2;MEASURE_DRAW;1.48924
mandelbrot3;g++;O2;MEASURE_DRAW;1.45263
mandelbrot3;g++;O2;MEASURE_DRAW;1.487
mandelbrot3;g++;O2;MEASURE_DRAW;1.48761
mandelbrot3;g++;O2;MEASURE_DRAW;1.46752
mandelbrot3;g++;O2;MEASURE_DRAW;1.45906
mandelbrot3;g++;O2;MEASURE_DRAW;1.48402
mandelbrot3;g++;O2;MEASURE_DRAW;1.45314
mandelbrot3;g++;O2;MEASURE_DRAW;1.46431
mandelbrot3;g++;O2;MEASURE_DRAW;1.47439
mandelbrot3;g++;O2;MEASURE_DRAW;1.49304
mandelbrot3;g++;O2;MEASURE_DRAW;1.46738
mandelbrot3;g++;O2;MEASURE_DRAW;1.5058
mandelbrot3;g++;O2;MEASURE_DRAW;1.45813
mandelbrot3;g++;O2;MEASURE_DRAW;1.5033
mandelbrot3;g++;O2;MEASURE_DRAW;1.46193
mandelbrot3;g++;O2;MEASURE_DRAW;1.45275
mandelbrot3;g++;O2;MEASURE_DRAW;1.47585
mandelbrot3;g++;O2;MEASURE_DRAW;1.4781
mandelbrot3;g++;O2;MEASURE_DRAW;1.48785
mandelbrot3;g++;O2;MEASURE_DRAW;1.46197
mandelbrot3;g++;O2;MEASURE_DRAW;1.45801
mandelbrot3;g++;O2;MEASURE_DRAW;1.47401
mandelbrot3;g++;O2;MEASURE_DRAW;1.45526
mandelbrot3;g++;O2;MEASURE_DRAW;1.50492
mandelbrot3;g++;O2;MEASURE_DRAW;1.46168
mandelbrot3;clang++;O2;MEASURE_DRAW;1.46893
mandelbrot3;clang++;O2;MEASURE_DRAW;1.45139
mandelbrot3;clang++;O2;MEASURE_DRAW;1.48884
mandelbrot3;clang++;O2;MEASURE_DRAW;1.47896
mandelbrot3;clang++;O2;MEASURE_DRAW;1.45506
mandelbrot3;clang++;O2;MEASURE_DRAW;1.4327
mandelbrot3;clang++;O2;MEASURE_DRAW;1.43029
mandelbrot3;clang++;O2;MEASURE_DRAW;1.46624
mandelbrot3;clang++;O2;MEASURE_DRAW;1.4466
mandelbrot3;clang++;O2;MEASURE_DRAW;1.45215
mandelbrot3;clang++;O2;MEASURE_DRAW;1.45724
mandelbrot3;clang++;O2;MEASURE_DRAW;1.43759
mandelbrot3;clang++;O2;MEASURE_DRAW;1.44152
mandelbrot3;clang++;O2;MEASURE_DRAW;1.45328
mandelbrot3;clang++;O2;MEASURE_DRAW;1.44442
mandelbrot3;clang++;O2;MEASURE_DRAW;1.43861
mandelbrot3;clang++;O2;MEASURE_DRAW;1.43398
mandelbrot3;clang++;O2;MEASURE_DRAW;1.46768
mandelbrot3;clang++;O2;MEASURE_DRAW;1.47394
mandelbrot3;clang++;O2;MEASURE_DRAW;1.44355
mandelbrot3;clang++;O2;MEASURE_DRAW;1.47317
mandelbrot3;clang++;O2;MEASURE_DRAW;1.47702
mandelbrot3;clang++;O2;MEASURE_DRAW;1.43453
mandelbrot3;clang++;O2;MEASURE_DRAW;1.44599
mandelbrot3;clang++;O2;MEASURE_DRAW;1.45652
mandelbrot3;clang++;O2;MEASURE_DRAW;1.4573
mandelbrot3;clang++;O2;MEASURE_DRAW;1.44823
mandelbrot3;clang++;O2;MEASURE_DRAW;1.45487
mandelbrot3;clang++;O2;MEASURE_DRAW;1.47471
mandelbrot3;clang++;O2;MEASURE_DRAW;1.44519
mandelbrot3;clang++;O2;MEASURE_DRAW;1.48394
mandelbrot3;clang++;O2;MEASURE_DRAW;1.45489
mandelbrot3;clang++;O2;MEASURE_DRAW;1.43941
mandelbrot3;clang++;O2;MEASURE_DRAW;1.47363
mandelbrot3;clang++;O2;MEASURE_DRAW;1.47645
mandelbrot3;clang++;O2;MEASURE_DRAW;1.4677
mandelbrot3;clang++;O2;MEASURE_DRAW;1.43632
mandelbrot3;clang++;O2;MEASURE_DRAW;1.46807
mandelbrot3;clang++;O2;MEASURE_DRAW;1.43794
mandelbrot3;clang++;O2;MEASURE_DRAW;1.4259
mandelbrot3;clang++;O2;MEASURE_DRAW;1.4608
mandelbrot3;clang++;O2;MEASURE_DRAW;1.48324
mandelbrot3;clang++;O2;MEASURE_DRAW;1.45913
mandelbrot3;clang++;O2;MEASURE_DRAW;1.44212
mandelbrot3;clang++;O2;MEASURE_DRAW;1.44284
mandelbrot3;clang++;O2;MEASURE_DRAW;1.45635
mandelbrot3;clang++;O2;MEASURE_DRAW;1.45098
mandelbrot3;clang++;O2;MEASURE_DRAW;1.47885
mandelbrot3;clang++;O2;MEASURE_DRAW;1.4847
mandelbrot3;clang++;O2;MEASURE_DRAW;1.45981
mandelbrot3;clang++;O2;MEASURE_DRAW;1.44873
mandelbrot3;clang++;O2;MEASURE_DRAW;1.43804
mandelbrot3;clang++;O2;MEASURE_DRAW;1.44744
mandelbrot3;clang++;O2;MEASURE_DRAW;1.4819
mandelbrot3;clang++;O2;MEASURE_DRAW;1.47557
mandelbrot3;clang++;O2;MEASURE_DRAW;1.43447
mandelbrot3;clang++;O2;MEASURE_DRAW;1.45414
mandelbrot3;clang++;O2;MEASURE_DRAW;1.44687
mandelbrot3;clang++;O2;MEASURE_DRAW;1.43981
mandelbrot3;clang++;O2;MEASURE_DRAW;1.4602
mandelbrot3;clang++;O2;MEASURE_DRAW;1.46705
mandelbrot3;clang++;O2;MEASURE_DRAW;1.43697
mandelbrot3;clang++;O2;MEASURE_DRAW;1.44218
mandelbrot3;clang++;O2;MEASURE_DRAW;1.48189
mandelbrot3;clang++;O2;MEASURE_DRAW;1.45203
mandelbrot3;clang++;O2;MEASURE_DRAW;1.46554
mandelbrot3;clang++;O2;MEASURE_DRAW;1.45501
mandelbrot3;clang++;O2;MEASURE_DRAW;1.48746
mandelbrot3;clang++;O2;MEASURE_DRAW;1.42415
mandelbrot3;clang++;O2;MEASURE_DRAW;1.45169
mandelbrot3;clang++;O2;MEASURE_DRAW;1.43605
mandelbrot3;clang++;O2;MEASURE_DRAW;1.44857
mandelbrot3;clang++;O2;MEASURE_DRAW;1.43474
mandelbrot3;clang++;O2;MEASURE_DRAW;1.47545
mandelbrot3;clang++;O2;MEASURE_DRAW;1.45696
mandelbrot3;clang++;O2;MEASURE_DRAW;1.43496
mandelbrot3;clang++;O2;MEASURE_DRAW;1.44239
mandelbrot3;clang++;O2;MEASURE_DRAW;1.46338
mandelbrot3;clang++;O2;MEASURE_DRAW;1.4374
mandelbrot3;clang++;O2;MEASURE_DRAW;1.43092
mandelbrot3;clang++;O2;MEASURE_DRAW;1.43934
mandelbrot3;clang++;O2;MEASURE_DRAW;1.4323
mandelbrot3;clang++;O2;MEASURE_DRAW;1.44699
mandelbrot3;clang++;O2;MEASURE_DRAW;1.4274
mandelbrot3;clang++;O2;MEASURE_DRAW;1.46465
mandelbrot3;clang++;O2;MEASURE_DRAW;1.48007
mandelbrot3;clang++;O2;MEASURE_DRAW;1.44546
mandelbrot3;clang++;O2;MEASURE_DRAW;1.45048
mandelbrot3;clang++;O2;MEASURE_DRAW;1.46714
mandelbrot3;clang++;O2;MEASURE_DRAW;1.4407
mandelbrot3;g++;O3;MEASURE_DRAW;1.51316
mandelbrot3;g++;O3;MEASURE_DRAW;1.47928
mandelbrot3;g++;O3;MEASURE_DRAW;1.50839
mandelbrot3;g++;O3;MEASURE_DRAW;1.51514
mandelbrot3;g++;O3;MEASURE_DRAW;1.46573
mandelbrot3;g++;O3;MEASURE_DRAW;1.46569
mandelbrot3;g++;O3;MEASURE_DRAW;1.48385
mandelbrot3;g++;O3;MEASURE_DRAW;1.49079
mandelbrot3;g++;O3;MEASURE_DRAW;1.45822
mandelbrot3;g++;O3;MEASURE_DRAW;1.44816
mandelbrot3;g++;O3;MEASURE_DRAW;1.50801
mandelbrot3;g++;O3;MEASURE_DRAW;1.46616
mandelbrot3;g++;O3;MEASURE_DRAW;1.4905
mandelbrot3;g++;O3;MEASURE_DRAW;1.47188
mandelbrot3;g++;O3;MEASURE_DRAW;1.45714
mandelbrot3;g++;O3;MEASURE_DRAW;1.50712
mandelbrot3;g++;O3;MEASURE_DRAW;1.4819
mandelbrot3;g++;O3;MEASURE_DRAW;1.48187
mandelbrot3;g++;O3;MEASURE_DRAW;1.48425
mandelbrot3;g++;O3;MEASURE_DRAW;1.51206
mandelbrot3;g++;O3;MEASURE_DRAW;1.43608
mandelbrot3;g++;O3;MEASURE_DRAW;1.47783
mandelbrot3;g++;O3;MEASURE_DRAW;1.4677
mandelbrot3;g++;O3;MEASURE_DRAW;1.5124
mandelbrot3;g++;O3;MEASURE_DRAW;1.44516
mandelbrot3;g++;O3;MEASURE_DRAW;1.46292
mandelbrot3;g++;O3;MEASURE_DRAW;1.51157
mandelbrot3;g++;O3;MEASURE_DRAW;1.47234
mandelbrot3;g++;O3;MEASURE_DRAW;1.45661
mandelbrot3;g++;O3;MEASURE_DRAW;1.46718
mandelbrot3;g++;O3;MEASURE_DRAW;1.49642
mandelbrot3;g++;O3;MEASURE_DRAW;1.46458
mandelbrot3;g++;O3;MEASURE_DRAW;1.49311
mandelbrot3;g++;O3;MEASURE_DRAW;1.46766
mandelbrot3;g++;O3;MEASURE_DRAW;1.4556
mandelbrot3;g++;O3;MEASURE_DRAW;1.45258
mandelbrot3;g++;O3;MEASURE_DRAW;1.44934
mandelbrot3;g++;O3;MEASURE_DRAW;1.45552
mandelbrot3;g++;O3;MEASURE_DRAW;1.4565
mandelbrot3;g++;O3;MEASURE_DRAW;1.46834
mandelbrot3;g++;O3;MEASURE_DRAW;1.46997
mandelbrot3;g++;O3;MEASURE_DRAW;1.45511
mandelbrot3;g++;O3;MEASURE_DRAW;1.46993
mandelbrot3;g++;O3;MEASURE_DRAW;1.47246
mandelbrot3;g++;O3;MEASURE_DRAW;1.48369
mandelbrot3;g++;O3;MEASURE_DRAW;1.46267
mandelbrot3;g++;O3;MEASURE_DRAW;1.45255
mandelbrot3;g++;O3;MEASURE_DRAW;1.47998
mandelbrot3;g++;O3;MEASURE_DRAW;1.49433
mandelbrot3;g++;O3;MEASURE_DRAW;1.45486
mandelbrot3;g++;O3;MEASURE_DRAW;1.45825
mandelbrot3;g++;O3;MEASURE_DRAW;1.47185
mandelbrot3;g++;O3;MEASURE_DRAW;1.49458
mandelbrot3;g++;O3;MEASURE_DRAW;1.45449
mandelbrot3;g++;O3;MEASURE_DRAW;1.46979
mandelbrot3;g++;O3;MEASURE_DRAW;1.50094
mandelbrot3;g++;O3;MEASURE_DRAW;1.4653
mandelbrot3;g++;O3;MEASURE_DRAW;1.46329
mandelbrot3;g++;O3;MEASURE_DRAW;1.46917
mandelbrot3;g++;O3;MEASURE_DRAW;1.50255
mandelbrot3;g++;O3;MEASURE_DRAW;1.49777
mandelbrot3;g++;O3;MEASURE_DRAW;1.47654
mandelbrot3;g++;O3;MEASURE_DRAW;1.46094
mandelbrot3;g++;O3;MEASURE_DRAW;1.46511
mandelbrot3;g++;O3;MEASURE_DRAW;1.51766
mandelbrot3;g++;O3;MEASURE_DRAW;1.46498
mandelbrot3;g++;O3;MEASURE_DRAW;1.46227
mandelbrot3;g++;O3;MEASURE_DRAW;1.48019
mandelbrot3;g++;O3;MEASURE_DRAW;1.47177
mandelbrot3;g++;O3;MEASURE_DRAW;1.51359
mandelbrot3;g++;O3;MEASURE_DRAW;1.45506
mandelbrot3;g++;O3;MEASURE_DRAW;1.47742
mandelbrot3;g++;O3;MEASURE_DRAW;1.48917
mandelbrot3;g++;O3;MEASURE_DRAW;1.51768
mandelbrot3;g++;O3;MEASURE_DRAW;1.48574
mandelbrot3;g++;O3;MEASURE_DRAW;1.46113
mandelbrot3;g++;O3;MEASURE_DRAW;1.48675
mandelbrot3;g++;O3;MEASURE_DRAW;1.48691
mandelbrot3;g++;O3;MEASURE_DRAW;1.48828
mandelbrot3;g++;O3;MEASURE_DRAW;1.45068
mandelbrot3;g++;O3;MEASURE_DRAW;1.48569
mandelbrot3;g++;O3;MEASURE_DRAW;1.4871
mandelbrot3;g++;O3;MEASURE_DRAW;1.48404
mandelbrot3;g++;O3;MEASURE_DRAW;1.45883
mandelbrot3;g++;O3;MEASURE_DRAW;1.49322
mandelbrot3;g++;O3;MEASURE_DRAW;1.47843
mandelbrot3;g++;O3;MEASURE_DRAW;1.4492
mandelbrot3;g++;O3;MEASURE_DRAW;1.45728
mandelbrot3;g++;O3;MEASURE_DRAW;1.50664
mandelbrot3;g++;O3;MEASURE_DRAW;1.45147
mandelbrot3;clang++;O3;MEASURE_DRAW;1.49615
mandelbrot3;clang++;O3;MEASURE_DRAW;1.48773
mandelbrot3;clang++;O3;MEASURE_DRAW;1.45201
mandelbrot3;clang++;O3;MEASURE_DRAW;1.43973
mandelbrot3;clang++;O3;MEASURE_DRAW;1.45949
mandelbrot3;clang++;O3;MEASURE_DRAW;1.4649
mandelbrot3;clang++;O3;MEASURE_DRAW;1.43067
mandelbrot3;clang++;O3;MEASURE_DRAW;1.44678
mandelbrot3;clang++;O3;MEASURE_DRAW;1.46514
mandelbrot3;clang++;O3;MEASURE_DRAW;1.45399
mandelbrot3;clang++;O3;MEASURE_DRAW;1.45209
mandelbrot3;clang++;O3;MEASURE_DRAW;1.46
mandelbrot3;clang++;O3;MEASURE_DRAW;1.4715
mandelbrot3;clang++;O3;MEASURE_DRAW;1.44482
mandelbrot3;clang++;O3;MEASURE_DRAW;1.46027
mandelbrot3;clang++;O3;MEASURE_DRAW;1.46773
mandelbrot3;clang++;O3;MEASURE_DRAW;1.44151
mandelbrot3;clang++;O3;MEASURE_DRAW;1.44603
mandelbrot3;clang++;O3;MEASURE_DRAW;1.47789
mandelbrot3;clang++;O3;MEASURE_DRAW;1.45169
mandelbrot3;clang++;O3;MEASURE_DRAW;1.45536
mandelbrot3;clang++;O3;MEASURE_DRAW;1.41975
mandelbrot3;clang++;O3;MEASURE_DRAW;1.49196
mandelbrot3;clang++;O3;MEASURE_DRAW;1.47199
mandelbrot3;clang++;O3;MEASURE_DRAW;1.43868
mandelbrot3;clang++;O3;MEASURE_DRAW;1.43934
mandelbrot3;clang++;O3;MEASURE_DRAW;1.48625
mandelbrot3;clang++;O3;MEASURE_DRAW;1.44995
mandelbrot3;clang++;O3;MEASURE_DRAW;1.45428
mandelbrot3;clang++;O3;MEASURE_DRAW;1.44669
mandelbrot3;clang++;O3;MEASURE_DRAW;1.44937
mandelbrot3;clang++;O3;MEASURE_DRAW;1.43167
mandelbrot3;clang++;O3;MEASURE_DRAW;1.45451
mandelbrot3;clang++;O3;MEASURE_DRAW;1.491
mandelbrot3;clang++;O3;MEASURE_DRAW;1.43512
mandelbrot3;clang++;O3;MEASURE_DRAW;1.44057
mandelbrot3;clang++;O3;MEASURE_DRAW;1.47628
mandelbrot3;clang++;O3;MEASURE_DRAW;1.46771
mandelbrot3;clang++;O3;MEASURE_DRAW;1.45545
mandelbrot3;clang++;O3;MEASURE_DRAW;1.45593
mandelbrot3;clang++;O3;MEASURE_DRAW;1.49262
mandelbrot3;clang++;O3;MEASURE_DRAW;1.44909
mandelbrot3;clang++;O3;MEASURE_DRAW;1.45038
mandelbrot3;clang++;O3;MEASURE_DRAW;1.47019
mandelbrot3;clang++;O3;MEASURE_DRAW;1.49607
mandelbrot3;clang++;O3;MEASURE_DRAW;1.44735
mandelbrot3;clang++;O3;MEASURE_DRAW;1.43566
mandelbrot3;clang++;O3;MEASURE_DRAW;1.46464
mandelbrot3;clang++;O3;MEASURE_DRAW;1.44789
mandelbrot3;clang++;O3;MEASURE_DRAW;1.43533
mandelbrot3;clang++;O3;MEASURE_DRAW;1.47551
mandelbrot3;clang++;O3;MEASURE_DRAW;1.46709
mandelbrot3;clang++;O3;MEASURE_DRAW;1.49628
mandelbrot3;clang++;O3;MEASURE_DRAW;1.4821
mandelbrot3;clang++;O3;MEASURE_DRAW;1.46816
mandelbrot3;clang++;O3;MEASURE_DRAW;1.48568
mandelbrot3;clang++;O3;MEASURE_DRAW;1.48908
mandelbrot3;clang++;O3;MEASURE_DRAW;1.46112
mandelbrot3;clang++;O3;MEASURE_DRAW;1.45922
mandelbrot3;clang++;O3;MEASURE_DRAW;1.47299
mandelbrot3;clang++;O3;MEASURE_DRAW;1.47834
mandelbrot3;clang++;O3;MEASURE_DRAW;1.46572
mandelbrot3;clang++;O3;MEASURE_DRAW;1.46045
mandelbrot3;clang++;O3;MEASURE_DRAW;1.44835
mandelbrot3;clang++;O3;MEASURE_DRAW;1.45708
mandelbrot3;clang++;O3;MEASURE_DRAW;1.44604
mandelbrot3;clang++;O3;MEASURE_DRAW;1.43414
mandelbrot3;clang++;O3;MEASURE_DRAW;1.42638
mandelbrot3;clang++;O3;MEASURE_DRAW;1.45618
mandelbrot3;clang++;O3;MEASURE_DRAW;1.44261
mandelbrot3;clang++;O3;MEASURE_DRAW;1.4399
mandelbrot3;clang++;O3;MEASURE_DRAW;1.43378
mandelbrot3;clang++;O3;MEASURE_DRAW;1.46196
mandelbrot3;clang++;O3;MEASURE_DRAW;1.46436
mandelbrot3;clang++;O3;MEASURE_DRAW;1.44014
mandelbrot3;clang++;O3;MEASURE_DRAW;1.44764
mandelbrot3;clang++;O3;MEASURE_DRAW;1.47479
mandelbrot3;clang++;O3;MEASURE_DRAW;1.43509
mandelbrot3;clang++;O3;MEASURE_DRAW;1.44007
mandelbrot3;clang++;O3;MEASURE_DRAW;1.48697
mandelbrot3;clang++;O3;MEASURE_DRAW;1.47158
mandelbrot3;clang++;O3;MEASURE_DRAW;1.45531
mandelbrot3;clang++;O3;MEASURE_DRAW;1.44089
mandelbrot3;clang++;O3;MEASURE_DRAW;1.47033
mandelbrot3;clang++;O3;MEASURE_DRAW;1.47951
mandelbrot3;clang++;O3;MEASURE_DRAW;1.43556
mandelbrot3;clang++;O3;MEASURE_DRAW;1.43308
mandelbrot3;clang++;O3;MEASURE_DRAW;1.49453
mandelbrot3;clang++;O3;MEASURE_DRAW;1.43655
mandelbrot3;clang++;O3;MEASURE_DRAW;1.4349
